fold,seed,epoch,train_loss,train_acc,val_zero_shot_loss,val_zero_shot_acc,val_zero_shot_f1,val_adapt_monitor_loss,val_adapt_monitor_acc,val_adapt_monitor_f1
1,43,1,2.3108403806708946,0.11997635933806147,2.312551975250244,0.1,0.053976199239357134,2.226523280143738,0.13333333333333333,0.09615440115440115
1,43,2,2.269268998017548,0.13608156028368795,2.3451666831970215,0.11666666666666667,0.05374440374440374,2.317266345024109,0.13333333333333333,0.10300324675324676
1,43,3,2.215364160267174,0.16784869976359337,2.420477271080017,0.11666666666666667,0.065995670995671,2.3369812965393066,0.18333333333333332,0.15663059163059162
1,43,4,2.15170205851255,0.20567375886524822,2.5078824758529663,0.08333333333333333,0.05072362278244631,2.2913559675216675,0.23333333333333334,0.21650793650793654
1,43,5,2.0558080081398606,0.24556737588652483,2.4609795808792114,0.11666666666666667,0.0714520202020202,2.1507240533828735,0.25,0.21916666666666665
1,43,6,1.9601744348557564,0.2848699763593381,2.512956738471985,0.13333333333333333,0.08050207961972668,2.1255054473876953,0.2833333333333333,0.27
1,43,7,1.8575968438006463,0.3331855791962175,2.43039608001709,0.23333333333333334,0.21448773448773448,1.9703568816184998,0.3666666666666667,0.33226190476190476
1,43,8,1.7710565494871027,0.35859929078014185,2.505788743495941,0.25,0.1941847041847042,1.8810515999794006,0.43333333333333335,0.43519841269841275
1,43,9,1.6621127410419725,0.404403073286052,2.6895545721054077,0.21666666666666665,0.18333694083694085,1.871169090270996,0.41666666666666663,0.4117893217893218
1,43,10,1.6015239596085065,0.4307033096926714,2.770961582660675,0.2833333333333333,0.28452380952380957,1.8016714453697205,0.41666666666666663,0.43138888888888893
1,43,11,1.5303332160268832,0.4559692671394799,2.667960286140442,0.31666666666666665,0.30732905982905984,1.7366769313812256,0.4666666666666667,0.4493253968253968
1,43,12,1.471844460101838,0.48478132387706857,2.9403932094573975,0.2833333333333333,0.2703785103785104,1.7363418340682983,0.4666666666666667,0.4506349206349206
1,43,13,1.4226151907697637,0.49541962174940896,2.80153352022171,0.31666666666666665,0.2986904761904762,1.6423824429512024,0.4833333333333333,0.471535409035409
1,43,14,1.378691594651405,0.5189125295508275,2.6096773743629456,0.3333333333333333,0.30801587301587297,1.5919243097305298,0.5833333333333334,0.5776190476190476
1,43,15,1.3207909894609564,0.5391548463356974,2.9440022110939026,0.2833333333333333,0.2513888888888889,1.611233413219452,0.5166666666666666,0.48307692307692307
1,43,16,1.2891412685948906,0.5458037825059102,2.919324219226837,0.26666666666666666,0.24658730158730158,1.620056688785553,0.5333333333333333,0.5334920634920635
1,43,17,1.2610161211473723,0.5604314420803782,2.945875346660614,0.35,0.34727272727272723,1.5308022499084473,0.6000000000000001,0.5947727272727273
1,43,18,1.2201923177033733,0.5726950354609929,2.8097510933876038,0.3833333333333333,0.37238095238095237,1.5695228576660156,0.5833333333333333,0.5855952380952381
1,43,19,1.2094604560387614,0.5812647754137116,3.2060422897338867,0.36666666666666664,0.37310606060606066,1.597892165184021,0.5666666666666667,0.5657417582417583
1,43,20,1.172130507780305,0.595596926713948,3.1498100757598877,0.35,0.3341774891774892,1.5238136053085327,0.6000000000000001,0.5903174603174604
1,43,21,1.1322181915278695,0.6081560283687943,2.982478678226471,0.35,0.31369047619047613,1.5375294089317322,0.5666666666666667,0.5346428571428572
1,43,22,1.1099222100936492,0.6131796690307328,3.308257758617401,0.35,0.3575,1.5233537554740906,0.5666666666666667,0.5488492063492063
1,43,23,1.0805291639152148,0.6263297872340425,3.323232650756836,0.3333333333333333,0.3194047619047619,1.5402238965034485,0.5666666666666667,0.5292857142857142
1,43,24,1.0629261296691623,0.6221926713947991,3.135099768638611,0.26666666666666666,0.23801587301587304,1.4117584824562073,0.5666666666666667,0.5578571428571428
1,43,25,1.0415684349711622,0.6312056737588653,3.099679470062256,0.35,0.3425,1.4421947598457336,0.6166666666666667,0.5960714285714286
1,43,26,1.0168498726319477,0.641548463356974,3.203497350215912,0.39999999999999997,0.42095238095238097,1.4239680171012878,0.5833333333333333,0.575595238095238
1,43,27,0.994981020618556,0.6502659574468085,3.1919944882392883,0.3333333333333333,0.3220238095238095,1.489589810371399,0.5833333333333333,0.5713492063492063
1,43,28,0.9871103490216231,0.6539598108747045,3.1749329566955566,0.31666666666666665,0.2925,1.445476233959198,0.6,0.5896428571428571
1,43,29,0.9479806700778628,0.6697695035460993,3.3353023529052734,0.3333333333333333,0.32642857142857146,1.4254190325737,0.6333333333333333,0.6375
1,43,30,0.9465987325841935,0.6730200945626478,3.3496487140655518,0.36666666666666664,0.36499999999999994,1.442608654499054,0.6,0.5920238095238095
1,43,31,0.9383481539451203,0.6749408983451537,3.392559766769409,0.3,0.27999999999999997,1.4147588610649109,0.5833333333333333,0.5599603174603175
1,43,32,0.9172884982528416,0.6787825059101655,3.0087940096855164,0.39999999999999997,0.3936904761904762,1.40179842710495,0.6499999999999999,0.6408333333333334
1,43,33,0.9052927009320992,0.6808510638297872,3.1633357405662537,0.26666666666666666,0.2523412698412698,1.4459537267684937,0.6333333333333333,0.6197619047619047
1,43,34,0.8937235845178013,0.6858747044917257,3.5632731318473816,0.2833333333333333,0.2828571428571429,1.4314590692520142,0.6,0.5883730158730158
1,43,35,0.8719308505948835,0.6951832151300237,3.3707820773124695,0.36666666666666664,0.35059523809523807,1.4227216839790344,0.6333333333333333,0.6205952380952381
1,43,36,0.8665537264893804,0.6944444444444444,3.239173412322998,0.39999999999999997,0.3960714285714286,1.3910810351371765,0.6333333333333333,0.6126984126984127
1,43,37,0.8551902875268995,0.7016843971631206,3.5297060012817383,0.35,0.34607142857142853,1.375027358531952,0.65,0.620079365079365
1,43,38,0.8372438883950525,0.7067080378250591,3.12578946352005,0.35,0.34293650793650793,1.396262764930725,0.6833333333333333,0.6721031746031746
1,43,39,0.837436292892934,0.7033096926713948,3.2786372900009155,0.39999999999999997,0.38702380952380955,1.403743863105774,0.6333333333333333,0.6050793650793651
1,43,40,0.815116792001341,0.7143912529550828,3.464429557323456,0.36666666666666664,0.36392857142857143,1.4250947833061218,0.6166666666666667,0.5933333333333334
1,43,41,0.8035795625219954,0.7198581560283688,3.559677839279175,0.36666666666666664,0.35714285714285715,1.3789204955101013,0.6666666666666666,0.6595238095238095
1,43,42,0.7968204473772793,0.7220744680851063,3.4232962131500244,0.3333333333333333,0.31876984126984126,1.368798017501831,0.6833333333333333,0.6628571428571428
1,43,43,0.7786788784020336,0.7312352245862884,3.684459626674652,0.36666666666666664,0.36380952380952375,1.3684644103050232,0.6833333333333333,0.6645238095238095
1,43,44,0.74905463947472,0.7367021276595744,3.6013776659965515,0.3833333333333333,0.3682142857142857,1.407334804534912,0.6333333333333333,0.5813095238095238
1,43,45,0.744708087286487,0.738031914893617,3.482268989086151,0.31666666666666665,0.3110714285714286,1.3856266736984253,0.6333333333333333,0.6014285714285714
1,43,46,0.7027614273078052,0.7505910165484634,3.4728819131851196,0.35,0.3377380952380952,1.397688090801239,0.6833333333333333,0.6577380952380953
1,43,47,0.7346524349622975,0.7381796690307328,3.3284310698509216,0.3833333333333333,0.3626190476190476,1.3339603543281555,0.75,0.7403571428571428
1,43,48,0.7152195347398167,0.7485224586288416,3.29880690574646,0.41666666666666663,0.3952380952380953,1.365197241306305,0.7166666666666667,0.6966666666666665
1,43,49,0.7113162715947938,0.7497044917257684,3.6038228273391724,0.3833333333333333,0.37357142857142855,1.3867986798286438,0.6833333333333333,0.6747619047619048
1,43,50,0.705149688478339,0.7548758865248227,3.716870129108429,0.31666666666666665,0.3038095238095238,1.4282650351524353,0.6333333333333333,0.6085714285714285
1,43,51,0.7079870225971754,0.755466903073286,3.4506072998046875,0.36666666666666664,0.346547619047619,1.393104910850525,0.7166666666666667,0.7027380952380953
1,43,52,0.646387068796947,0.7745271867612293,3.757151246070862,0.3833333333333333,0.372987012987013,1.3861470818519592,0.7,0.6697619047619048
1,43,53,0.67136406799862,0.7624113475177305,3.9613975286483765,0.31666666666666665,0.295,1.3855533599853516,0.65,0.6348809523809524
1,43,54,0.6818151889681534,0.7621158392434988,3.9721161127090454,0.3333333333333333,0.3066774891774891,1.4036921262741089,0.6166666666666667,0.6091666666666666
1,43,55,0.6583584278610581,0.7634456264775413,3.5828176140785217,0.36666666666666664,0.36277777777777775,1.4128300547599792,0.6666666666666667,0.6563095238095238
1,43,56,0.6431484928367831,0.7743794326241135,3.669455587863922,0.39999999999999997,0.38452380952380955,1.4494775533676147,0.6333333333333333,0.6214285714285714
1,43,57,0.6310671400234773,0.7774822695035462,3.7208911180496216,0.39999999999999997,0.3839682539682539,1.3925758004188538,0.7,0.6804761904761905
1,43,58,0.6407699389096975,0.7721631205673759,3.790343463420868,0.3,0.27809523809523806,1.3918930888175964,0.6833333333333333,0.6613095238095238
1,43,59,0.614636056389369,0.783096926713948,4.012959659099579,0.39999999999999997,0.3854761904761905,1.4104230999946594,0.65,0.6285714285714286
1,43,60,0.6124661295690154,0.7819148936170213,4.115670740604401,0.36666666666666664,0.36,1.418053388595581,0.6333333333333333,0.608095238095238
1,43,61,0.6143703998966984,0.7804373522458629,3.7755680084228516,0.3833333333333333,0.36337301587301585,1.4149394035339355,0.6333333333333333,0.6070238095238095
1,43,62,0.6218535626751875,0.7799940898345153,3.894447982311249,0.36666666666666664,0.32523809523809527,1.4236496090888977,0.65,0.6390476190476191
2,44,1,2.3076031766722758,0.12243702401874634,2.2523845434188843,0.15833333333333333,0.12434782608695652,2.2926974296569824,0.2,0.2
2,44,2,2.258636939434818,0.15509666080843584,2.1820952892303467,0.16666666666666669,0.07500000000000001,2.267855167388916,0.26666666666666666,0.25023809523809526
2,44,3,2.204489577912977,0.17560046865846515,2.1690694093704224,0.2,0.13777777777777778,2.3271076679229736,0.26666666666666666,0.21777777777777776
2,44,4,2.1228013784478965,0.21558289396602226,2.238086223602295,0.225,0.18125000000000002,2.0351030826568604,0.36666666666666664,0.2984126984126984
2,44,5,1.9832444919363825,0.28046280023432923,2.019086480140686,0.30833333333333335,0.2592460317460317,1.7902240753173828,0.26666666666666666,0.2538888888888889
2,44,6,1.8852554110665034,0.3230814294083187,1.8779830932617188,0.3,0.25486263736263737,1.766385793685913,0.3333333333333333,0.31793650793650796
2,44,7,1.7948729847353246,0.35954891622729934,1.8976239562034607,0.3333333333333333,0.2642063492063492,1.691266417503357,0.3333333333333333,0.3025541125541126
2,44,8,1.7275292407579428,0.37932044522554187,1.8903132677078247,0.3,0.24227272727272728,1.6332019567489624,0.4,0.34454545454545454
2,44,9,1.669864522831162,0.4112478031634446,1.944290578365326,0.2916666666666667,0.2481547619047619,1.6313329935073853,0.4666666666666667,0.44422077922077924
2,44,10,1.6102809093818373,0.4349736379613357,1.8454605340957642,0.32499999999999996,0.288452380952381,1.6759928464889526,0.43333333333333335,0.37469696969696964
2,44,11,1.5615693817518577,0.45957820738137084,1.6507132649421692,0.4,0.3348809523809524,1.612314224243164,0.6333333333333333,0.5488095238095239
2,44,12,1.5200019347157894,0.47056239015817225,1.6592503786087036,0.475,0.4144444444444445,1.5545490980148315,0.6,0.5566666666666668
2,44,13,1.4631626518693108,0.4960456942003515,1.6093711853027344,0.3833333333333333,0.33444444444444443,1.480892300605774,0.6666666666666666,0.6571428571428571
2,44,14,1.4349782473871984,0.5001464557703573,1.5866455435752869,0.475,0.4185714285714286,1.448471188545227,0.5666666666666667,0.5133333333333334
2,44,15,1.3701516835397631,0.5275336848271822,1.546226978302002,0.5166666666666666,0.47,1.4656609296798706,0.6333333333333333,0.6242857142857143
2,44,16,1.3620838575636915,0.5304628002343292,1.4414869546890259,0.5416666666666667,0.5190584415584416,1.4625369310379028,0.6,0.5861904761904762
2,44,17,1.326418455609398,0.5364674868189807,1.4039316773414612,0.55,0.5055555555555555,1.4190312623977661,0.5666666666666667,0.5514285714285715
2,44,18,1.285745413420699,0.5509666080843585,1.632055640220642,0.4666666666666667,0.4341774891774892,1.4755867719650269,0.6,0.5895238095238095
2,44,19,1.275984385101573,0.5590216754540129,1.407224953174591,0.5833333333333333,0.5526190476190476,1.3582314252853394,0.5333333333333333,0.5021428571428571
2,44,20,1.239315995502416,0.5770357352079672,1.369489312171936,0.5916666666666667,0.5407142857142857,1.387698769569397,0.5,0.456904761904762
2,44,21,1.2145704780326088,0.5812829525483304,1.4399276375770569,0.55,0.5170238095238096,1.3508141040802002,0.6,0.5842857142857143
2,44,22,1.2181393484239629,0.5790861159929701,1.4275134205818176,0.575,0.5459523809523809,1.2628575563430786,0.6666666666666666,0.6516666666666666
2,44,23,1.163835833382732,0.5954891622729935,1.4697598218917847,0.5833333333333333,0.5541666666666667,1.3448288440704346,0.6333333333333333,0.5954761904761905
2,44,24,1.144397371612799,0.6057410661980082,1.4058898091316223,0.6416666666666666,0.6157142857142857,1.2997208833694458,0.6333333333333333,0.6133333333333333
2,44,25,1.1150989836953715,0.6135032220269478,1.4146077036857605,0.5666666666666667,0.536547619047619,1.2821072340011597,0.7333333333333333,0.7092857142857143
2,44,26,1.1036512661413205,0.6178968951376684,1.514105498790741,0.5916666666666667,0.5214285714285715,1.2578951120376587,0.7333333333333333,0.7207142857142858
2,44,27,1.0929214315380908,0.6209724663151728,1.3736727833747864,0.6,0.5560714285714285,1.2774103879928589,0.7333333333333333,0.7195238095238095
2,44,28,1.0643956135362649,0.6253661394258934,1.304175317287445,0.6416666666666666,0.5986904761904761,1.2178422212600708,0.7666666666666667,0.7538095238095238
2,44,29,1.0384229020759523,0.6347393087287639,1.4477472305297852,0.6166666666666667,0.5677380952380953,1.337174892425537,0.7666666666666667,0.7499999999999999
2,44,30,1.0318265898086625,0.6386936145284124,1.4596307277679443,0.5833333333333333,0.5473809523809523,1.2657835483551025,0.7666666666666667,0.7509523809523809
2,44,31,1.0358495039763895,0.6413298183948447,1.4642542004585266,0.6333333333333333,0.5761904761904763,1.2997578382492065,0.7333333333333333,0.723095238095238
2,44,32,1.0040411589504614,0.6422085530169889,1.5344282388687134,0.6083333333333334,0.5619047619047619,1.270988941192627,0.8,0.7980952380952381
2,44,33,0.9795998885887159,0.6597832454598711,1.6807472109794617,0.6083333333333334,0.577579365079365,1.2141073942184448,0.8333333333333334,0.8285714285714285
2,44,34,0.9793262468420698,0.6628588166373756,1.5463414192199707,0.6,0.565952380952381,1.264232873916626,0.8,0.7842857142857144
2,44,35,0.9537491218067431,0.6690099589923842,1.71707284450531,0.6666666666666666,0.6174999999999999,1.2051749229431152,0.8666666666666667,0.862857142857143
2,44,36,0.9211727250160079,0.6757469244288224,1.5171914994716644,0.6583333333333334,0.6202380952380953,1.2079408168792725,0.7666666666666667,0.76
2,44,37,0.9394704969081532,0.6635910954891623,1.8663390278816223,0.6333333333333333,0.5927380952380952,1.27210533618927,0.7666666666666667,0.7499999999999999
2,44,38,0.9019882255083786,0.6818980667838312,1.673334777355194,0.6166666666666667,0.5653571428571429,1.2224153280258179,0.8,0.7888095238095237
2,44,39,0.8990373384484647,0.6859988283538372,1.9299633502960205,0.5666666666666667,0.5116666666666667,1.246392011642456,0.8,0.7871428571428571
2,44,40,0.91206203145316,0.6811657879320445,1.63097283244133,0.6416666666666666,0.5989285714285715,1.2772260904312134,0.7333333333333333,0.6852380952380952
2,44,41,0.8689796882689732,0.6928822495606327,1.6784998774528503,0.6083333333333334,0.5620238095238095,1.2278941869735718,0.8333333333333334,0.8185714285714287
2,44,42,0.8656877752068313,0.6959578207381371,1.5504932403564453,0.6166666666666667,0.5717857142857143,1.1730488538742065,0.8666666666666667,0.862857142857143
2,44,43,0.8544773089306077,0.6997656707674282,1.551639050245285,0.6333333333333333,0.5933333333333333,1.2174098491668701,0.8333333333333334,0.8285714285714285
2,44,44,0.849451477931268,0.6946397188049209,1.7110859751701355,0.6083333333333334,0.5528571428571429,1.2055296897888184,0.8,0.7852380952380953
2,44,45,0.8309172734085691,0.7075278265963679,1.5850470066070557,0.65,0.6020238095238095,1.2489277124404907,0.8333333333333334,0.8138095238095238
2,44,46,0.8068004328043893,0.7170474516695958,1.6965784430503845,0.6666666666666666,0.6452380952380952,1.2034146785736084,0.8666666666666667,0.862857142857143
2,44,47,0.8089772783390038,0.715875805506737,1.5456590354442596,0.6333333333333333,0.5933333333333334,1.2002136707305908,0.8333333333333334,0.8285714285714285
2,44,48,0.7895951618838185,0.724223784417106,1.4898796081542969,0.6583333333333334,0.6186904761904761,1.224284291267395,0.8,0.7814285714285714
2,44,49,0.783332386488934,0.723345049794962,1.543639361858368,0.6583333333333334,0.6102380952380952,1.200661540031433,0.8333333333333334,0.8285714285714285
2,44,50,0.7740120642633556,0.7265670767428236,1.590661346912384,0.6833333333333333,0.6505952380952382,1.1804248094558716,0.8666666666666667,0.8585714285714285
3,45,1,2.309597832348727,0.1149137040861484,2.2962135076522827,0.12666666666666665,0.0778042328042328,2.526876926422119,0.12,0.06707070707070707
3,45,2,2.2693746140228646,0.14736686826965628,2.2643094062805176,0.17,0.10323809523809524,2.328906297683716,0.12,0.07828571428571429
3,45,3,2.2385803642728757,0.16521610857058563,2.251849889755249,0.15000000000000002,0.0863143829833872,2.355741500854492,0.22,0.1689005439005439
3,45,4,2.1652025250422073,0.19988198849387814,2.2753721475601196,0.15000000000000002,0.08876373626373625,2.4089338779449463,0.16,0.12181818181818183
3,45,5,2.0575839356170467,0.2484142203864877,2.2380281686782837,0.22666666666666668,0.16028540903540905,2.3052494525909424,0.22,0.1823717948717949
3,45,6,1.9398079865589697,0.3000442543147957,2.0479721426963806,0.2533333333333333,0.18661227661227658,2.2318274974823,0.32,0.2866883116883117
3,45,7,1.8517949178096098,0.3370703643605252,2.0274210572242737,0.2633333333333333,0.19704469507101086,1.9799481630325317,0.28,0.2864285714285714
3,45,8,1.7618774498154375,0.37763681958991,1.8751243948936462,0.42000000000000004,0.37761918636918634,1.8987326622009277,0.34,0.31373015873015875
3,45,9,1.7013515095950615,0.4046319516152825,1.7422733306884766,0.39,0.3461361514302691,1.9595096111297607,0.28,0.2519863469863469
3,45,10,1.6284648380477902,0.42602153709986723,1.7269481420516968,0.4066666666666667,0.36365079365079367,1.8873742818832397,0.38,0.3608008658008658
3,45,11,1.5664228573364571,0.45434429856911046,1.7522814869880676,0.42000000000000004,0.3790288220551378,1.8470687866210938,0.36,0.33754578754578757
3,45,12,1.53733786106602,0.4695382799822983,1.6311159133911133,0.45,0.4010596343800678,1.8238036632537842,0.38,0.36269841269841274
3,45,13,1.4775540271081797,0.48768254904853225,1.6162817478179932,0.45666666666666667,0.42632326007326005,1.7997781038284302,0.44,0.4321428571428572
3,45,14,1.438769664467568,0.50095884348724,1.6969322562217712,0.4766666666666667,0.4367135642135642,1.7492462396621704,0.46,0.4520403280929598
3,45,15,1.3874363899582658,0.5241186015636524,1.6491701006889343,0.4866666666666667,0.44792180042180035,1.7662256956100464,0.46,0.47488095238095235
3,45,16,1.342991499426724,0.5382799822982741,1.55811208486557,0.52,0.500864552114552,1.8417690992355347,0.46,0.4688888888888889
3,45,17,1.326748738265667,0.5393125829768403,1.5876991152763367,0.4866666666666667,0.45935286935286934,1.7969839572906494,0.48,0.4783666333666334
3,45,18,1.3070444507503214,0.5503761616757634,1.584624707698822,0.53,0.49825163398692807,1.7529025077819824,0.48,0.4796290310996193
3,45,19,1.2788939539847042,0.5646850567930374,1.655622661113739,0.4666666666666667,0.4265035695298853,1.7949026823043823,0.42,0.42272727272727273
3,45,20,1.23988566523123,0.574125977282785,1.6644246578216553,0.53,0.5090223665223665,1.749502420425415,0.48,0.484023199023199
3,45,21,1.2225256862322442,0.5810591532674436,1.6886466145515442,0.54,0.5139791495054653,1.7047505378723145,0.46,0.4550865800865801
3,45,22,1.2020154693411909,0.5844519840684467,1.6497687697410583,0.5266666666666666,0.5149358974358974,1.7562954425811768,0.48,0.48136363636363644
3,45,23,1.1957914276203234,0.5829768402419235,1.7051376104354858,0.5233333333333333,0.4936611264552441,1.7013720273971558,0.5,0.4990384615384615
3,45,24,1.1482355024350712,0.6070216846142499,1.7720890641212463,0.52,0.4993713450292398,1.7096054553985596,0.58,0.5800396825396824
3,45,25,1.1427711670351937,0.6136598318336037,1.7420232892036438,0.52,0.49090610370022136,1.7291406393051147,0.52,0.5177124183006535
3,45,26,1.1206208787356213,0.6093819147366868,1.6741778254508972,0.5266666666666666,0.5089724817665995,1.7017724514007568,0.5,0.5070024420024419
3,45,27,1.0949705266938448,0.6186753208437823,1.7949500679969788,0.5233333333333333,0.4869976076555024,1.7545716762542725,0.48,0.47004689754689755
3,45,28,1.088147921466532,0.6211830653488715,1.7961081862449646,0.55,0.5197925685425686,1.6868098974227905,0.54,0.5329365079365079
3,45,29,1.0440995655926408,0.6397698775630624,1.7612863779067993,0.53,0.5061580086580086,1.7013782262802124,0.52,0.5116269841269842
3,45,30,1.0357450248217719,0.6433102227467178,1.5581522583961487,0.55,0.5179723054723055,1.7023462057113647,0.48,0.46572829131652654
3,45,31,1.0137793111192703,0.6512759994099425,1.872498333454132,0.55,0.5149539349539349,1.6615393161773682,0.5,0.49664820473644006
3,45,32,1.0092252886634712,0.6436052515120224,1.6278981566429138,0.5466666666666666,0.5363239538239538,1.6560827493667603,0.5,0.4813120702826585
3,45,33,0.9895209789733336,0.6524561144711609,1.8507835268974304,0.5233333333333333,0.5108333333333333,1.7549515962600708,0.48,0.46132395382395375
3,45,34,0.9636380384850772,0.6635196931700841,1.7611006498336792,0.5366666666666666,0.503616726410844,1.6945689916610718,0.52,0.4993776106934001
3,45,35,0.9465359490975322,0.6728130992771795,1.8530519008636475,0.5266666666666666,0.49616605616605614,1.6534781455993652,0.52,0.5052780552780554
3,45,36,0.9227458190946105,0.6803363327924473,2.008728802204132,0.5466666666666666,0.5098520923520923,1.7022085189819336,0.46,0.4622782446311858
3,45,37,0.929772561754268,0.6812214190883611,1.7567581534385681,0.5266666666666666,0.4997366522366522,1.7265424728393555,0.5,0.4845760233918129
3,45,38,0.8790747733977116,0.692137483404632,1.8843120336532593,0.51,0.48518016297428057,1.6936520338058472,0.5,0.4908029878618114
3,45,39,0.9007784420980748,0.6847617642720165,1.7558366656303406,0.5666666666666667,0.5386453823953824,1.680202603340149,0.5,0.4766619981325865
4,46,1,2.3069319683141423,0.11260799531410162,2.313583493232727,0.11,0.03380952380952382,2.2900002002716064,0.16,0.09910135841170324
4,46,2,2.2501680103153414,0.1534631717674623,2.2728763818740845,0.20500000000000002,0.13578962142305473,2.4694056510925293,0.18,0.13412698412698415
4,46,3,2.1797723756176537,0.19285400497876704,2.10285484790802,0.165,0.13518518518518519,2.3021039962768555,0.18,0.16143578643578646
4,46,4,2.0832434617717195,0.23488065602577243,2.0829919576644897,0.22,0.19472222222222224,2.1199185848236084,0.16,0.16330025530025533
4,46,5,1.9718087986493498,0.292722214086982,2.0439072251319885,0.3,0.2550793650793651,1.9623898267745972,0.26,0.2604517704517705
4,46,6,1.8676588456755345,0.3285986235173525,1.9616271257400513,0.355,0.31853672643146325,1.8851455450057983,0.3,0.30603174603174604
4,46,7,1.8024652376760062,0.35773905403426565,1.9917568564414978,0.43,0.37743791296422874,1.826310157775879,0.26,0.2687362345257082
4,46,8,1.749799450279277,0.37662908185678723,1.8904807567596436,0.4,0.39256826506826503,1.9179327487945557,0.32,0.35219927131691836
4,46,9,1.676778461525007,0.4100161077756626,1.9268741607666016,0.305,0.271253454148191,1.8485180139541626,0.34,0.37669552669552675
4,46,10,1.6308213015010442,0.4255381461414556,1.71249258518219,0.405,0.3668727106227106,1.8053992986679077,0.42,0.4487151737151738
4,46,11,1.581947180114251,0.44677112315126666,1.82498699426651,0.47,0.45373374991022053,1.7977594137191772,0.4,0.43113275613275615
4,46,12,1.5481796713799854,0.46097525259920924,1.6891944408416748,0.45,0.4306168831168831,1.8288946151733398,0.4,0.4243217893217894
4,46,13,1.5052378190909634,0.47342217015668475,1.7398408651351929,0.46499999999999997,0.43782828282828284,1.6956449747085571,0.44,0.45821067821067824
4,46,14,1.4537174563436526,0.490994289061356,1.7500879168510437,0.495,0.44247473115120173,1.7350579500198364,0.44,0.46039682539682547
4,46,15,1.423751208771373,0.5082735393176161,1.6618366241455078,0.445,0.41717504717504716,1.7356889247894287,0.42,0.46706349206349207
4,46,16,1.382893321821012,0.523795577683409,1.718685269355774,0.455,0.426100076394194,1.73505437374115,0.38,0.428888888888889
4,46,17,1.3543672272568654,0.5330209401083614,1.7774191498756409,0.465,0.4068803418803419,1.6864973306655884,0.48,0.49264790764790767
4,46,18,1.3150220375526072,0.5483965441499488,1.522887408733368,0.54,0.4755049336628284,1.702134370803833,0.44,0.46317460317460313
4,46,19,1.286880424787611,0.551178796309855,1.5765901803970337,0.52,0.47549145299145296,1.777824878692627,0.4,0.4548840048840049
4,46,20,1.2822296941135478,0.5555718260360228,1.4319421648979187,0.54,0.5051136363636364,1.6407384872436523,0.46,0.5043650793650792
4,46,21,1.237640596340334,0.5762190657490116,1.4444062113761902,0.455,0.380254329004329,1.6661012172698975,0.46,0.48496392496392493
4,46,22,1.2253366060776458,0.5790013179089178,1.4803928136825562,0.505,0.44951631701631706,1.695192813873291,0.48,0.5408730158730158
4,46,23,1.2012126225296793,0.5740225508859277,1.7185993790626526,0.505,0.43380952380952387,1.6818575859069824,0.44,0.4837301587301588
4,46,24,1.1836786779517363,0.5829550446624688,1.5476846098899841,0.51,0.4391559829059829,1.6143789291381836,0.5,0.5351540616246498
4,46,25,1.154482451063383,0.6030165470786353,1.6676421165466309,0.4,0.343278527028527,1.7037752866744995,0.42,0.48062927410753503
4,46,26,1.148190192499662,0.6046273246448968,1.6561560034751892,0.47,0.38856601731601725,1.6424823999404907,0.48,0.5035839598997494
4,46,27,1.117547850480347,0.6100453946405038,1.5706673860549927,0.56,0.5348901098901099,1.6825108528137207,0.44,0.4811756664388243
4,46,28,1.1018448152135731,0.6164885049055499,1.472270667552948,0.5700000000000001,0.5002813852813853,1.6455646753311157,0.5,0.5326479076479076
4,46,29,1.0784886374028784,0.6217601405769513,1.6985000371932983,0.475,0.39935064935064934,1.7082276344299316,0.46,0.5031746031746032
4,46,30,1.0714096767274994,0.6328891492165764,1.502723515033722,0.535,0.4969380619380619,1.7047747373580933,0.5,0.5353463203463203
4,46,31,1.0414169716318316,0.6364035729975106,1.7890467047691345,0.49,0.42188311688311686,1.6797984838485718,0.46,0.5103968253968254
4,46,32,1.0177148547209554,0.6429931175867624,1.6720723509788513,0.48,0.4351611133964075,1.7008732557296753,0.46,0.5151406926406926
4,46,33,1.0009708238269455,0.652511348660126,1.5458782315254211,0.56,0.5356127206127206,1.5791435241699219,0.52,0.5445346320346319
4,46,34,0.983297427579693,0.657929418655733,1.839248538017273,0.485,0.4434859584859585,1.6657713651657104,0.48,0.5113632119514472
4,46,35,0.9904391603599724,0.6555864694684435,1.615962564945221,0.59,0.5643001443001443,1.6547170877456665,0.46,0.4944877344877344
4,46,36,0.9593125835818241,0.6705227705374139,1.6685487627983093,0.555,0.5497150072150072,1.653552532196045,0.42,0.4454978354978355
4,46,37,0.943666308913159,0.6750622345877874,1.8262882828712463,0.5599999999999999,0.5324864024864024,1.7057228088378906,0.42,0.4686002886002886
4,46,38,0.9259258567422808,0.6832625567433006,1.5642194747924805,0.56,0.5241108891108891,1.6852493286132812,0.46,0.49986291486291484
4,46,39,0.9193465071308227,0.6803338702591888,1.606983721256256,0.515,0.4806610056610056,1.6795563697814941,0.5,0.5292063492063491
4,46,40,0.8974653916226978,0.6914628788988139,1.689371645450592,0.535,0.5108766233766233,1.6706129312515259,0.4,0.42491286491286495
4,46,41,0.8807396840902562,0.6938058280861034,1.825873613357544,0.515,0.4692901542901543,1.6984177827835083,0.46,0.49049783549783543
4,46,42,0.8872254165990022,0.6863376775516181,1.6807287335395813,0.525,0.506540404040404,1.6227375268936157,0.44,0.4583766233766234
4,46,43,0.8674051192376219,0.695416605652365,1.7121256589889526,0.53,0.5094369519369519,1.6709344387054443,0.48,0.49518037518037517
4,46,44,0.8568154586969209,0.7039097964562894,2.0354151725769043,0.525,0.4843398268398268,1.6408997774124146,0.5,0.5116883116883116
4,46,45,0.8119845718149734,0.7162102796895592,1.7268191576004028,0.635,0.6226623376623377,1.6937443017959595,0.44,0.4617893217893217
4,46,46,0.813568764749567,0.7169424513105872,1.9955159425735474,0.56,0.5261011211011211,1.6031957864761353,0.48,0.5004761904761905
4,46,47,0.8307621304471107,0.7055205740225509,2.069244146347046,0.515,0.4598526473526474,1.62384831905365,0.46,0.4832756132756133
4,46,48,0.7966085067516645,0.7225069556303998,2.004776358604431,0.51,0.5027597402597404,1.6272424459457397,0.52,0.5352994227994228
5,47,1,2.3034568880205954,0.11769859813084112,2.3313997983932495,0.11,0.03374677002583979,2.365323543548584,0.12,0.07472527472527472
5,47,2,2.276560019109851,0.13171728971962618,2.2921762466430664,0.2,0.11020408163265306,2.1037302017211914,0.22,0.2075036075036075
5,47,3,2.2495504250036222,0.15610397196261683,2.1394190788269043,0.19,0.11636904761904762,2.0522451400756836,0.32,0.2700190332543274
5,47,4,2.189870729624668,0.1847254672897196,2.114176392555237,0.25,0.15412698412698414,1.967686414718628,0.32,0.30590048840048845
5,47,5,2.1147871039738164,0.2174357476635514,1.8275334239006042,0.43,0.3482765737874097,1.8698763847351074,0.42,0.39978354978354974
5,47,6,2.0248306410334935,0.2638726635514019,1.7440423965454102,0.41000000000000003,0.31960317460317456,1.8223437070846558,0.38,0.35305194805194806
5,47,7,1.9347475800558784,0.29848130841121495,1.6380263566970825,0.43,0.3427406657669816,1.7957628965377808,0.36,0.3397008547008547
5,47,8,1.865454518906424,0.33104556074766356,1.5065872371196747,0.5,0.42833333333333334,1.7350236177444458,0.4,0.3713852813852814
5,47,9,1.8024058899032736,0.3602511682242991,1.3402276635169983,0.5700000000000001,0.5433838383838384,1.644600510597229,0.38,0.34677655677655683
5,47,10,1.7308709075517743,0.3907710280373832,1.3562332689762115,0.55,0.46964912280701754,1.6233494281768799,0.48,0.4339929514929515
5,47,11,1.672374729798219,0.4186623831775701,1.3387666046619415,0.63,0.5925206956785904,1.5195114612579346,0.48,0.4520146520146519
5,47,12,1.602162423534928,0.44100467289719625,1.2653379887342453,0.5900000000000001,0.5512049062049061,1.491834282875061,0.48,0.4402292152292152
5,47,13,1.5495191355731999,0.4634929906542056,1.4298851490020752,0.61,0.5836097236097237,1.4853510856628418,0.58,0.550036075036075
5,47,14,1.4955542232388648,0.49050817757009346,1.3301260769367218,0.63,0.5824458874458875,1.5269982814788818,0.58,0.5621950271950271
5,47,15,1.433329747101971,0.5036507009345794,1.4114795625209808,0.6000000000000001,0.5512481962481962,1.502883791923523,0.58,0.5640476190476191
5,47,16,1.391498606895732,0.5275992990654206,1.5007261037826538,0.49,0.41862026862026863,1.5030819177627563,0.58,0.566953601953602
5,47,17,1.365341082911625,0.5297897196261683,1.4390116333961487,0.5599999999999999,0.4936760461760462,1.521628975868225,0.52,0.5087560152266034
5,47,18,1.3321107726230799,0.5398656542056075,1.3583033829927444,0.63,0.581888111888112,1.49736750125885,0.54,0.5367066267066267
5,47,19,1.2827087055856936,0.5562207943925234,1.4891204237937927,0.5800000000000001,0.5118126971068148,1.470939040184021,0.5,0.5010270774976656
5,47,20,1.2590793995099647,0.5670268691588785,1.547511488199234,0.51,0.44702242202242204,1.462830662727356,0.6,0.6106993006993008
5,47,21,1.2212457601155076,0.5771028037383178,1.3244673609733582,0.5700000000000001,0.5137409812409812,1.4518519639968872,0.54,0.5402380952380953
5,47,22,1.2012098364740889,0.5849883177570093,1.3223766833543777,0.6799999999999999,0.6670512820512821,1.4834184646606445,0.52,0.5291971916971917
5,47,23,1.1738214186418836,0.5927278037383178,1.3802691102027893,0.62,0.573982683982684,1.4208570718765259,0.5,0.5038095238095238
5,47,24,1.163707026254351,0.5959404205607477,1.334598034620285,0.5900000000000001,0.5387140637140637,1.4609102010726929,0.56,0.5650643800643801
5,47,25,1.14683495559425,0.5992990654205608,1.626931518316269,0.48,0.42083333333333334,1.4459903240203857,0.56,0.5494444444444444
5,47,26,1.103983991614012,0.6247079439252337,1.4671589881181717,0.5700000000000001,0.5118055555555555,1.4073566198349,0.54,0.5443284493284493
5,47,27,1.086902019019439,0.6220794392523364,1.3338386714458466,0.61,0.5629545454545454,1.4375628232955933,0.56,0.5528821178821178
5,47,28,1.080885160192151,0.6228095794392523,1.3845513761043549,0.6000000000000001,0.547046287046287,1.429298758506775,0.56,0.5435897435897435
5,47,29,1.045862351622537,0.6365362149532711,1.5264530181884766,0.5800000000000001,0.5242390942390942,1.4606022834777832,0.6,0.5951498501498501
5,47,30,1.0455323524564226,0.6334696261682243,1.363253727555275,0.66,0.6384143634143634,1.4563709497451782,0.58,0.5736019536019535
5,47,31,0.972988877341012,0.6650116822429907,1.5036479234695435,0.61,0.5593006993006993,1.4100009202957153,0.58,0.5802730602730601
5,47,32,0.9814377733480151,0.6604848130841121,1.5300394892692566,0.57,0.5092352092352093,1.3892329931259155,0.58,0.5861754911754911
5,47,33,0.9365404420923964,0.6737733644859814,1.6815852671861649,0.61,0.5617854367854368,1.4497733116149902,0.58,0.568080808080808
5,47,34,0.9425285252455239,0.6765478971962616,1.3720175921916962,0.66,0.6274825174825174,1.410569429397583,0.6,0.5949439449439449
5,47,35,0.9363026613386992,0.6736273364485982,1.5144453346729279,0.67,0.6391774891774891,1.349645733833313,0.6,0.595108225108225
6,48,1,2.313817606017248,0.10975250441956394,2.3255178928375244,0.1433333333333333,0.06400885935769657,2.301978349685669,0.18,0.15940476190476188
6,48,2,2.2826266098387746,0.13420742486741308,2.290726900100708,0.13333333333333333,0.07461920400344045,2.316765546798706,0.1,0.08293797705562411
6,48,3,2.2303619245676414,0.1627872716558633,2.182038187980652,0.22,0.12250549450549453,2.1911258697509766,0.16,0.161991341991342
6,48,4,2.1529278606264186,0.20418385385975252,2.056485116481781,0.28,0.21787423103212578,2.0449182987213135,0.2,0.1788636363636364
6,48,5,2.0395800381740825,0.2452857984678845,2.035854458808899,0.22999999999999998,0.1797362724994304,2.0535848140716553,0.2,0.20087301587301593
6,48,6,1.9195544256065338,0.29876252209781967,2.1715511083602905,0.21,0.16413338453661036,2.0990946292877197,0.16,0.16965811965811967
6,48,7,1.836738801803319,0.33279316440777845,2.141924500465393,0.21000000000000002,0.1666738816738817,2.154751777648926,0.28,0.2711111111111111
6,48,8,1.7604549974993389,0.3637301119622864,1.9912283420562744,0.23666666666666666,0.18250222000222,2.1064555644989014,0.34,0.32039512774806894
6,48,9,1.6962709465515775,0.3952563347083088,2.0276378393173218,0.22333333333333333,0.195952380952381,2.1243371963500977,0.34,0.31336441336441334
6,48,10,1.629056774242246,0.4189746611667649,2.098708212375641,0.32333333333333336,0.2813135753135753,2.149296760559082,0.4,0.4127849927849928
6,48,11,1.5615134805388218,0.44976428992339423,2.0357227325439453,0.29666666666666663,0.261245004995005,1.9914007186889648,0.3,0.2887851037851038
6,48,12,1.509000808966462,0.47068355922215677,1.9698301553726196,0.3666666666666667,0.3281696081696082,1.8988949060440063,0.34,0.31382395382395384
6,48,13,1.4625856620322695,0.4938126104890984,1.9700575470924377,0.39,0.351729365405836,1.9433810710906982,0.32,0.26815462315462313
6,48,14,1.4342809325467156,0.493959929286977,1.8322266936302185,0.43333333333333335,0.4154462041226747,1.862769365310669,0.4,0.36460317460317465
6,48,15,1.3735051406574867,0.5192987625220978,1.798628330230713,0.4,0.3868627450980392,1.8455491065979004,0.36,0.34305555555555556
6,48,16,1.3316886056221158,0.5371243370654095,1.9579039216041565,0.3933333333333333,0.3533288770053476,1.8515411615371704,0.36,0.33560051060051055
6,48,17,1.3138132922496244,0.5439010017678255,1.7874340415000916,0.45,0.4195787545787546,1.813485860824585,0.4,0.3983732933732934
6,48,18,1.2843890185909688,0.5581909251620507,1.9424615502357483,0.38,0.3526465201465202,1.794848918914795,0.38,0.3597824397824398
6,48,19,1.2522993687678592,0.5651149086623453,1.7398778796195984,0.4633333333333333,0.4329581891538413,1.7457226514816284,0.44,0.4043378843378843
6,48,20,1.2076630283259053,0.5827931644077784,1.8844406008720398,0.3433333333333333,0.33314624988538033,1.7741047143936157,0.42,0.3945598845598846
6,48,21,1.1764112491079408,0.5967884502062463,1.865242838859558,0.49,0.46873015873015866,1.7824881076812744,0.42,0.42363636363636364
6,48,22,1.1645118921520996,0.6031231585150265,1.8934133052825928,0.47333333333333333,0.4489102564102564,1.7928321361541748,0.42,0.4023809523809524
6,48,23,1.1400593101591943,0.6038597525044196,1.851557731628418,0.5133333333333333,0.48889610389610394,1.7975693941116333,0.42,0.38653069153069153
6,48,24,1.101772643217425,0.6194755450795522,1.9293351769447327,0.41000000000000003,0.39031968031968034,1.7991232872009277,0.42,0.4069047619047619
6,48,25,1.1139083690480338,0.6132881555686506,1.8919996619224548,0.4633333333333333,0.4247198879551821,1.779484510421753,0.44,0.43707070707070705
6,48,26,1.0903997053169965,0.624042427813789,1.731427013874054,0.49,0.4898755411255411,1.7701610326766968,0.46,0.4437229437229437
6,48,27,1.0548027761557135,0.6381850324101356,1.7222115993499756,0.48,0.45795093795093794,1.7597352266311646,0.48,0.4587734487734488
6,48,28,1.0459875008535864,0.6358279316440778,1.88302081823349,0.5033333333333333,0.47178571428571425,1.724619746208191,0.48,0.47867243867243864
6,48,29,1.0466239803597446,0.6384796700058928,1.953918993473053,0.45666666666666667,0.40038515406162467,1.768275260925293,0.44,0.43218559218559216
6,48,30,1.0117296197516958,0.6504124926340601,1.9217317700386047,0.48333333333333334,0.4548398660163366,1.7785711288452148,0.42,0.40232434232434233
6,48,31,0.9705927414127006,0.6660282852091927,1.9577776789665222,0.42666666666666664,0.379505772005772,1.672884464263916,0.48,0.4679526029526029
6,48,32,0.980699318889737,0.6620506776664702,1.8768126368522644,0.44,0.4154778554778555,1.697425127029419,0.46,0.44924242424242433
6,48,33,0.9557255082925629,0.6691219799646435,1.8433973789215088,0.42333333333333334,0.3816194916194916,1.6775659322738647,0.48,0.45280108780108785
6,48,34,0.9529261089725289,0.6733942251031232,2.152649998664856,0.4633333333333333,0.43719324792854203,1.7375482320785522,0.38,0.3652525252525253
6,48,35,0.9395113651655531,0.6775191514437242,2.1268571615219116,0.45,0.40855596158227736,1.7391453981399536,0.5,0.4797979797979798
6,48,36,0.9325038711148005,0.6761932822628167,2.1587635278701782,0.43,0.37331168831168826,1.6922295093536377,0.5,0.4662282162282162
6,48,37,0.9191297663438299,0.6789923394225104,2.115112066268921,0.47,0.4338428238428238,1.693260669708252,0.44,0.4107692307692307
6,48,38,0.9007428995496607,0.691956393635828,1.9681509733200073,0.48333333333333334,0.4408549783549784,1.7091518640518188,0.48,0.45192807192807194
6,48,39,0.8808467340033829,0.6941661756040071,2.1629865765571594,0.43,0.3741468253968254,1.667108178138733,0.46,0.45055555555555554
6,48,40,0.8663061109794612,0.6951974071891573,2.110009014606476,0.42000000000000004,0.38014041514041513,1.707858920097351,0.44,0.42396270396270397
6,48,41,0.8678054051604353,0.7016794342958161,1.8899205923080444,0.48333333333333334,0.4511177711177711,1.684461236000061,0.48,0.4508724608724609
6,48,42,0.8405393205043071,0.7056570418385386,2.053677558898926,0.44333333333333336,0.42147741147741147,1.6960197687149048,0.4,0.37941558441558443
6,48,43,0.8310033295810679,0.714201532115498,2.294467568397522,0.41333333333333333,0.3897763347763348,1.6682554483413696,0.54,0.5243939393939393
6,48,44,0.8211862145976312,0.7153800824985268,2.2578036189079285,0.4666666666666667,0.4324854557207498,1.7021986246109009,0.46,0.44298867798867797
6,48,45,0.8182876012433468,0.7165586328815556,2.3400094509124756,0.45999999999999996,0.41722222222222227,1.7809867858886719,0.4,0.38354922854922857
6,48,46,0.7695986523864266,0.728491455509723,2.5148894786834717,0.4066666666666667,0.3739069264069264,1.758409023284912,0.42,0.4025768675768676
6,48,47,0.8058382014913564,0.7199469652327637,2.4338005781173706,0.4066666666666667,0.3739638869902028,1.692192792892456,0.48,0.4423154623154623
6,48,48,0.7991381236645637,0.7264289923394225,2.446412444114685,0.43,0.3986580086580087,1.6778925657272339,0.5,0.47889971139971144
6,48,49,0.7542397671751788,0.7377725397760754,2.235342264175415,0.4166666666666667,0.4000396825396826,1.6757798194885254,0.52,0.5138111888111888
6,48,50,0.7797557007023076,0.7242192103712434,2.138418436050415,0.4766666666666667,0.44403263403263404,1.668314814567566,0.54,0.5222943722943724
6,48,51,0.7439038827971423,0.7410135533294049,2.5419472455978394,0.4066666666666667,0.3903876678876679,1.6648319959640503,0.52,0.5094949494949494
6,48,52,0.7325852556164011,0.7477902180318209,2.467103362083435,0.4033333333333333,0.36665986790986793,1.7049341201782227,0.44,0.4300937950937951
6,48,53,0.7200487571810721,0.7513258691809075,2.536367654800415,0.4,0.3697111222111222,1.6776105165481567,0.54,0.5324386724386725
6,48,54,0.7242589512500752,0.74469652327637,2.2399832010269165,0.43333333333333335,0.4108547008547009,1.6084522008895874,0.58,0.572121212121212
6,48,55,0.7090627865434466,0.7522097819681791,2.4439557790756226,0.4066666666666667,0.38999861249861245,1.6596201658248901,0.48,0.46520590520590516
6,48,56,0.7292253252472256,0.7449911608721272,2.461123466491699,0.41333333333333333,0.39755411255411255,1.6684452295303345,0.5,0.486031746031746
6,48,57,0.682209364442033,0.7638479670005893,2.5104992389678955,0.41333333333333333,0.3955844155844156,1.6831570863723755,0.44,0.4231790431790432
6,48,58,0.6893462338734531,0.7614908662345315,2.5174754858016968,0.44,0.4184325396825397,1.7510664463043213,0.48,0.4843162393162393
6,48,59,0.6845094381393091,0.7597230406599882,2.6549606323242188,0.39666666666666667,0.3746891850839219,1.6962350606918335,0.48,0.47727272727272724
6,48,60,0.6890156495971544,0.763553329404832,2.724464535713196,0.4166666666666667,0.4001232101232101,1.693060040473938,0.46,0.4591630591630591
6,48,61,0.6538493010178691,0.7659104301708898,2.7440176010131836,0.41333333333333333,0.4019261294261294,1.6718391180038452,0.5,0.47777000777000767
6,48,62,0.6785198691035975,0.7588391278727166,2.4958431720733643,0.47,0.4364891395154553,1.6148197650909424,0.54,0.5272649572649573
6,48,63,0.6428522685379159,0.7723924572775486,2.4500237703323364,0.43333333333333335,0.41151098901098904,1.6204829216003418,0.46,0.4551892551892552
6,48,64,0.6194390563593939,0.7815262227460223,2.838953375816345,0.39666666666666667,0.38087216704863763,1.6619762182235718,0.44,0.43402319902319897
6,48,65,0.6319109153312027,0.7775486152033,2.443469822406769,0.39666666666666667,0.3733324845089551,1.6886451244354248,0.44,0.4065795315795315
6,48,66,0.6135819092454388,0.7850618738951091,2.7619701623916626,0.4066666666666667,0.3824504906857848,1.67366623878479,0.5,0.4772835497835498
6,48,67,0.6161609423743604,0.7796110783736004,2.476204991340637,0.39,0.3695238095238095,1.615815281867981,0.48,0.46769064269064264
6,48,68,0.5881441404486517,0.7928697701826753,2.684951663017273,0.4666666666666667,0.4479181929181929,1.688631534576416,0.5,0.4799206349206349
6,48,69,0.5797284450261257,0.7900707130229817,2.857108235359192,0.4033333333333333,0.39068376068376065,1.6752350330352783,0.52,0.5123010323010323
7,49,1,2.313249967475579,0.10699466508595139,2.300050973892212,0.13,0.06202741702741703,2.253949761390686,0.19666666666666666,0.17842796092796093
7,49,2,2.2765712161423117,0.13915234143449912,2.243706226348877,0.11,0.042725779967159275,2.1195420026779175,0.21000000000000002,0.1928517316017316
7,49,3,2.2309228275821416,0.16567871962062833,2.317538261413574,0.13333333333333333,0.07030525030525031,2.176606059074402,0.26,0.243018093018093
7,49,4,2.1903241482018436,0.18627741553052757,2.1483302116394043,0.19333333333333333,0.1610504201680672,2.1679753065109253,0.30333333333333334,0.29448773448773446
7,49,5,2.155097280512495,0.19872554831061054,2.3285502195358276,0.14666666666666667,0.07168582375478927,2.0525267720222473,0.32,0.3182972582972583
7,49,6,2.0940109309743127,0.23325429756965027,2.2026002407073975,0.24,0.1551234971924627,1.7362433671951294,0.39666666666666667,0.3528965478965479
7,49,7,2.0003724143430195,0.27622999407231774,1.894252598285675,0.3333333333333333,0.26763820072256606,1.7287781238555908,0.4633333333333334,0.45121212121212123
7,49,8,1.9166049014624578,0.31224066390041494,1.889388382434845,0.31666666666666665,0.2598593073593074,1.6474893689155579,0.45333333333333337,0.426518759018759
7,49,9,1.8267074858711256,0.35714285714285715,1.867056965827942,0.3833333333333333,0.3283763458763459,1.6365466117858887,0.4666666666666667,0.4401695526695526
7,49,10,1.7555442420985476,0.3845583876704209,1.8366479873657227,0.41666666666666663,0.3524908424908425,1.59408038854599,0.4766666666666667,0.4440981240981241
7,49,11,1.6885751658243475,0.4112329579134558,1.7894867062568665,0.42666666666666664,0.3649420024420024,1.5371524691581726,0.5366666666666666,0.4947915972915973
7,49,12,1.6353106226663867,0.4309425014819206,1.8566829562187195,0.43666666666666665,0.35152930402930405,1.5262518525123596,0.55,0.5104662004662004
7,49,13,1.5893529129226178,0.45228215767634855,1.7712219953536987,0.42666666666666664,0.3426706626706627,1.496002972126007,0.5666666666666667,0.5463003663003663
7,49,14,1.542602173873639,0.4605809128630705,1.7046613693237305,0.4633333333333334,0.3920687645687646,1.4403239488601685,0.6166666666666667,0.5791450216450216
7,49,15,1.513185940484147,0.473325429756965,1.856563687324524,0.5,0.4377220002220002,1.4496027827262878,0.5766666666666667,0.5586829836829836
7,49,16,1.4787309607176224,0.48355068168346177,1.8676536679267883,0.47000000000000003,0.40881479631479634,1.4454567432403564,0.56,0.537483904983905
7,49,17,1.4390111097444354,0.5008891523414345,1.8376566767692566,0.43000000000000005,0.3703338328338328,1.4501848220825195,0.6433333333333333,0.6233738483738485
7,49,18,1.4001252631428824,0.5105216360403082,1.6384799480438232,0.43666666666666665,0.38748751248751245,1.4135686755180359,0.6566666666666667,0.6477669552669554
7,49,19,1.3769525305081487,0.5139300533491404,1.6346494555473328,0.49,0.42480137509549276,1.4002075791358948,0.6466666666666667,0.642017427017427
7,49,20,1.3599123928627461,0.5208950800237108,1.5628191232681274,0.5266666666666666,0.4750976800976801,1.405528724193573,0.63,0.6148348873348873
7,49,21,1.3375889729944714,0.528452874925904,1.5839934945106506,0.5266666666666666,0.48315767565767564,1.3783361315727234,0.65,0.6442784992784993
7,49,22,1.3016838807288047,0.5431238885595732,1.705411672592163,0.51,0.47394938394938396,1.369268000125885,0.6699999999999999,0.6608080808080807
7,49,23,1.2672227825295945,0.55334914048607,1.4906730651855469,0.51,0.45998251748251745,1.340660035610199,0.6533333333333333,0.6446997446997447
7,49,24,1.244449662399066,0.5746887966804979,1.6336817145347595,0.5766666666666667,0.540426517926518,1.3435461521148682,0.6633333333333333,0.6506196581196582
7,49,25,1.2257718985506114,0.5775044457617071,1.786643624305725,0.51,0.4753643578643578,1.3318381309509277,0.6799999999999999,0.6713997113997114
7,49,26,1.1907397584937773,0.5887670420865442,1.6191427111625671,0.5733333333333334,0.5419644244644244,1.3688989281654358,0.6566666666666667,0.634050394050394
7,49,27,1.174745225030145,0.5902489626556017,1.6688833236694336,0.5266666666666666,0.49104978354978357,1.3503908514976501,0.63,0.6327750027750028
7,49,28,1.1620045995033912,0.5966212211025489,1.5511114001274109,0.55,0.5108513708513708,1.3500259518623352,0.65,0.6411435786435786
7,49,29,1.1363553064563392,0.6056609365737996,1.6399537920951843,0.6033333333333333,0.5757467532467532,1.3684586882591248,0.63,0.6264041514041514
7,49,30,1.0995603128516893,0.6160343805572022,1.7510882019996643,0.6,0.5620221445221445,1.3444530963897705,0.6566666666666667,0.6375641025641026
7,49,31,1.1002129806734502,0.6139596917605217,1.5401432514190674,0.6133333333333333,0.576566489066489,1.3559282422065735,0.64,0.6369616494616495
7,49,32,1.0898329297960616,0.6201837581505631,1.6846661567687988,0.5866666666666667,0.5531673881673882,1.3180851340293884,0.6833333333333333,0.6901659451659452
7,49,33,1.0551138835046583,0.6324836988737403,1.7985448837280273,0.5566666666666666,0.5335497835497836,1.3233212232589722,0.7,0.7000477300477301
7,49,34,1.0381940132637453,0.6355957320687611,1.7162171602249146,0.5633333333333334,0.5418037518037517,1.308717131614685,0.6666666666666667,0.6579265179265179
7,49,35,1.0458564509565333,0.6366330764671013,1.6463306546211243,0.6033333333333333,0.5808513708513708,1.3217893838882446,0.6666666666666667,0.6633297258297258
7,49,36,1.011464057126975,0.6458209839952579,1.737317979335785,0.55,0.5325937950937951,1.3096889853477478,0.7033333333333334,0.7126551226551228
7,49,37,0.9869756193364522,0.6624184943687018,1.6484907865524292,0.5633333333333334,0.5327713952713953,1.2913116812705994,0.72,0.7239538239538239
7,49,38,0.9597652420958048,0.6606401896858328,1.7709711194038391,0.5533333333333333,0.5327886002886002,1.3040830492973328,0.69,0.6993650793650794
7,49,39,0.9664234122229386,0.6643449911084766,1.7161745429039001,0.61,0.5914069264069264,1.3196850419044495,0.6833333333333333,0.6965764790764791
7,49,40,0.9554602244088264,0.6650859513930053,1.858926236629486,0.5866666666666667,0.5603904428904429,1.2934083342552185,0.6599999999999999,0.6836094461094462
7,49,41,0.9345414164014024,0.6673088322465915,1.8159982562065125,0.6033333333333333,0.5629924242424242,1.322253942489624,0.69,0.6900729825729826
7,49,42,0.9231471493884382,0.6804979253112033,1.7700287103652954,0.5700000000000001,0.5383569208569209,1.303851306438446,0.6733333333333333,0.6760409035409036
7,49,43,0.9203456370662357,0.6763485477178424,1.8137202262878418,0.5633333333333334,0.5243037518037517,1.2786654233932495,0.6966666666666667,0.6846844821844822
7,49,44,0.8942751744900078,0.6824244220509781,1.834940254688263,0.5800000000000001,0.5651920301920301,1.293459951877594,0.7166666666666667,0.7245654345654347
7,49,45,0.8499620498180672,0.7015411973918197,1.5453010201454163,0.5733333333333334,0.5512959262959263,1.281913161277771,0.71,0.7080971805971806
7,49,46,0.8636875378004389,0.6929460580912863,1.698832631111145,0.5766666666666667,0.553961038961039,1.3272942304611206,0.6833333333333333,0.6925380175380176
7,49,47,0.8601795438131639,0.696058091286307,1.8306294083595276,0.55,0.5130228758169935,1.2557143568992615,0.7366666666666666,0.7332828282828283
7,49,48,0.8467324625901661,0.7018375815056312,1.7709420919418335,0.56,0.5247601010101011,1.280788242816925,0.7133333333333334,0.7145959595959597
7,49,49,0.8148620857348722,0.7151748666271488,1.8004671931266785,0.5833333333333333,0.5532377344877345,1.299224615097046,0.7133333333333334,0.7226298701298701
7,49,50,0.8280813256593308,0.7086544161232958,2.0189191102981567,0.56,0.5362012987012986,1.290435791015625,0.7533333333333333,0.7497727272727273
7,49,51,0.7932877815469314,0.7255483106105513,1.9195405840873718,0.5700000000000001,0.549011544011544,1.3051844239234924,0.71,0.7114393939393939
7,49,52,0.8132993101225707,0.7157676348547718,1.855149507522583,0.56,0.5380699855699855,1.3218968510627747,0.6933333333333334,0.7034146409146409
7,49,53,0.7887325483663025,0.7219917012448133,1.892736792564392,0.5900000000000001,0.5622402597402597,1.3047174215316772,0.7366666666666666,0.7366197691197691
7,49,54,0.7779195120720448,0.7248073503260225,1.7703499794006348,0.5866666666666667,0.5644427794427793,1.2783819437026978,0.7166666666666667,0.7246997446997447
7,49,55,0.7765415674423282,0.725103734439834,1.6165200471878052,0.6233333333333333,0.5942225829725829,1.2889867424964905,0.7233333333333334,0.7220654345654346
7,49,56,0.761904042609429,0.7271784232365145,1.8052600026130676,0.6033333333333333,0.5838764013764013,1.265344262123108,0.7333333333333334,0.728414640914641
7,49,57,0.7482643127088089,0.7412566686425608,1.846726894378662,0.55,0.5159126984126985,1.2895294427871704,0.6833333333333333,0.693851148851149
7,49,58,0.7367832335269727,0.7382928275044458,1.7709409594535828,0.6066666666666667,0.5758424908424908,1.2986359596252441,0.72,0.7347569097569098
7,49,59,0.708089001905162,0.7531120331950207,1.6700084209442139,0.5866666666666667,0.5693632756132756,1.2573680877685547,0.7533333333333333,0.7531782106782107
7,49,60,0.6823120417507287,0.7628927089508002,1.8386184573173523,0.6166666666666667,0.5930033855033855,1.2611369490623474,0.72,0.7279420579420579
7,49,61,0.7136778509786444,0.7486662714878483,1.721704125404358,0.6466666666666667,0.6068650793650794,1.2736499309539795,0.7,0.6938997113997114
7,49,62,0.6981563721454984,0.7485180794309425,2.001239240169525,0.62,0.6024603174603174,1.2993565797805786,0.7266666666666666,0.7307467532467533
7,49,63,0.6841481149585273,0.7584469472436277,1.842653512954712,0.63,0.6054942279942279,1.2929076552391052,0.6666666666666667,0.6803013653013652
7,49,64,0.6801770043111653,0.7578541790160047,2.252552032470703,0.56,0.5396700521700522,1.261312186717987,0.73,0.7297727272727272
7,49,65,0.6739353155623403,0.7597806757557795,1.7968044877052307,0.64,0.6079600954600954,1.3041637539863586,0.7466666666666666,0.742005772005772
7,49,66,0.646682847478931,0.776081802015412,2.0559180974960327,0.61,0.5722025197025197,1.2576041221618652,0.74,0.7510497835497836
7,49,67,0.6341354723999891,0.7775637225844695,1.6940548419952393,0.64,0.5902886002886003,1.2833073139190674,0.6933333333333334,0.7036760461760462
7,49,68,0.6536253505581289,0.7734143449911085,1.9160192608833313,0.6333333333333333,0.5947674547674547,1.293107807636261,0.7166666666666667,0.7136724386724387
7,49,69,0.6479242558513227,0.7700059276822763,2.0247340202331543,0.5766666666666667,0.5331093906093907,1.271681308746338,0.71,0.7136527361527363
7,49,70,0.6399623937838588,0.7783046828689982,2.0766839385032654,0.5900000000000001,0.5696031746031747,1.2916763424873352,0.72,0.7280611055611056
8,50,1,2.3075353004199295,0.1177863273157739,2.29876971244812,0.12000000000000001,0.06071428571428572,2.2573933601379395,0.2,0.16549865339339023
8,50,2,2.2647051120446466,0.14323764427345367,2.2581063508987427,0.2,0.150509647162873,2.2947317361831665,0.16999999999999998,0.14312296750377246
8,50,3,2.217309897592979,0.18052678307191478,2.220993757247925,0.21,0.14827380952380953,2.087522506713867,0.25,0.2308731219760632
8,50,4,2.135612602451208,0.20952944658182895,2.133409023284912,0.26,0.20166138442454232,1.9250291585922241,0.35,0.32811973973738673
8,50,5,2.058692962292843,0.2530334418467002,2.001395285129547,0.26,0.213982683982684,1.766792118549347,0.32999999999999996,0.30871267621267623
8,50,6,1.9701944031846632,0.2889908256880734,1.9430620670318604,0.37,0.29713959787489197,1.8547694087028503,0.42000000000000004,0.40148268398268394
8,50,7,1.874396465734181,0.33604616750517907,1.7607517838478088,0.41000000000000003,0.37246232525644296,1.7175013422966003,0.46,0.4445328282828283
8,50,8,1.788106430208376,0.3678603137022788,1.7400407195091248,0.39,0.3513047547567671,1.7018985748291016,0.43999999999999995,0.42867438117438117
8,50,9,1.7013413527548824,0.4050014797277301,1.6128618121147156,0.45,0.4049959027900204,1.6625964045524597,0.41000000000000003,0.40050493624023037
8,50,10,1.6282007918974535,0.4365196803788103,1.5758665800094604,0.44,0.4270856568611987,1.6124594807624817,0.47,0.4723353280706221
8,50,11,1.5590751322460936,0.4604912696063924,1.571609079837799,0.44,0.3979719519386702,1.602706253528595,0.53,0.5269477744477744
8,50,12,1.4888563034061004,0.48609055933708195,1.3645313382148743,0.55,0.5344243909685086,1.578279197216034,0.54,0.545430402930403
8,50,13,1.4388601303312263,0.5056229653743711,1.4874757528305054,0.51,0.4866532298111246,1.5404123067855835,0.55,0.5474012099012099
8,50,14,1.418147841054471,0.5100621485646641,1.3854564130306244,0.53,0.5077636252636253,1.5158452987670898,0.5700000000000001,0.5643506493506493
8,50,15,1.3664746284837659,0.5263391535957384,1.2478325068950653,0.5800000000000001,0.5608777333777334,1.4700654745101929,0.56,0.5534543234543234
8,50,16,1.3395571472659624,0.5353654927493341,1.3136219680309296,0.52,0.5039986892192774,1.4794995784759521,0.5900000000000001,0.5931211272387743
8,50,17,1.2887104784959025,0.5572654631547795,1.255742460489273,0.62,0.6139522977022978,1.4987252950668335,0.6,0.5825213675213675
8,50,18,1.2651473434763782,0.5637762651672092,1.4473815262317657,0.53,0.492010767010767,1.479034185409546,0.5700000000000001,0.5723815073815073
8,50,19,1.2397562544809428,0.5673276117194436,1.337603896856308,0.57,0.5447909035409035,1.4777923822402954,0.56,0.5715277777777777
8,50,20,1.2206094777947454,0.5804971885173128,1.211561918258667,0.61,0.5850732111026229,1.4928086400032043,0.54,0.5347822112527995
8,50,21,1.16996787394529,0.5924829831311039,1.1815935969352722,0.58,0.57254773004773,1.4381541013717651,0.62,0.6207119514472456
8,50,22,1.1410942910231934,0.6059485054749926,1.2739953398704529,0.62,0.6104129857071032,1.4433051347732544,0.64,0.6235741872506578
8,50,23,1.1383472924473794,0.600621485646641,1.3382260501384735,0.5800000000000001,0.5562706222226346,1.4771679639816284,0.58,0.5777472527472527
8,50,24,1.101836275616917,0.6161586268126664,1.3032277524471283,0.6,0.5817031824384766,1.4530794620513916,0.67,0.6706898656898657
8,50,25,1.0995418917466,0.6183782184078129,1.2755532264709473,0.6000000000000001,0.5874081474081474,1.4269105792045593,0.61,0.5971386800334169
8,50,26,1.0586341669235613,0.6312518496596626,1.2316085398197174,0.61,0.5910925430778371,1.4453005194664001,0.62,0.6155755355755357
8,50,27,1.0429513794884029,0.6387984610831607,1.283782720565796,0.6,0.5810513750954928,1.4267677664756775,0.63,0.6262086524586525
8,50,28,1.0251954482236039,0.6450133175495709,1.2841837108135223,0.5900000000000001,0.5735294117647058,1.4047975540161133,0.64,0.627638268164584
8,50,29,0.9962720611314867,0.6568511393903522,1.41050985455513,0.53,0.5307854864433812,1.3930705785751343,0.6799999999999999,0.6740034965034966
8,50,30,0.9825892712844833,0.6606984314886061,1.4932263493537903,0.6,0.5795526695526695,1.4271284341812134,0.6000000000000001,0.5907467532467532
8,50,31,0.9788519024460864,0.6543356022491862,1.3147519826889038,0.5800000000000001,0.5660922410922411,1.4121162295341492,0.61,0.6133712121212122
8,50,32,0.9799042810487761,0.6589227582124889,1.4546493887901306,0.5900000000000001,0.5653724053724053,1.429465115070343,0.63,0.6176223630170999
8,50,33,0.917020060388814,0.6751997632435632,1.2739431858062744,0.63,0.6077627927627928,1.4210355281829834,0.64,0.6366239316239317
8,50,34,0.9351506908816958,0.6716484166913288,1.3672923743724823,0.59,0.5866305916305916,1.4481072425842285,0.59,0.5717696192696193
8,50,35,0.912138310805973,0.678455164249778,1.3097758293151855,0.61,0.6040563603063603,1.4515300393104553,0.65,0.6443561993561994
8,50,36,0.9086591223175973,0.6812666469369636,1.3585568964481354,0.6599999999999999,0.6436685536685537,1.3872862458229065,0.67,0.6565749528249528
8,50,37,0.8834700798028741,0.6902929860905593,1.3088371753692627,0.65,0.6346761571761572,1.3805161714553833,0.66,0.6542046842046843
8,50,38,0.8546855661882455,0.6941402781888133,1.3414650559425354,0.64,0.6212626262626263,1.398003339767456,0.64,0.6309343434343435
8,50,39,0.8470685761262059,0.6993193252441551,1.27968630194664,0.63,0.6143217893217893,1.4002337455749512,0.66,0.6610102397602398
8,50,40,0.8341107645060192,0.7019828351583308,1.4001803398132324,0.62,0.6108338883338884,1.3849963545799255,0.64,0.639296398046398
8,50,41,0.8352549850464431,0.7039064812074578,1.4689288139343262,0.5800000000000001,0.5668512043512043,1.4154958128929138,0.6,0.6026515151515152
8,50,42,0.8052502869501309,0.720923350103581,1.5763777494430542,0.6,0.6008116883116883,1.3794856071472168,0.64,0.6356204906204905
8,50,43,0.7888444632282974,0.7255105060668837,1.5058277547359467,0.62,0.613158508158508,1.3947675228118896,0.59,0.5847673405026347
8,50,44,0.8049162255479373,0.7191476768274637,1.4584028720855713,0.59,0.577508945303063,1.395650029182434,0.62,0.6118362923626082
9,51,1,2.3124690727088786,0.11132324864150389,2.2977728843688965,0.14870689655172414,0.08863858363858364,2.2876603603363037,0.18146551724137933,0.17962301587301588
9,51,2,2.2743796352983696,0.13761198413864004,2.2956910133361816,0.1267241379310345,0.0769047619047619,2.448673129081726,0.11724137931034484,0.10135964912280701
9,51,3,2.2423726544189004,0.15552944632104568,2.277121901512146,0.18620689655172415,0.09571428571428571,2.3151744604110718,0.21120689655172414,0.17885642135642132
9,51,4,2.2001723903516504,0.18034953737700102,2.128986358642578,0.31939655172413794,0.24623015873015874,2.32709276676178,0.21594827586206897,0.20118437118437116
9,51,5,2.136442728689684,0.21589073285357616,2.1642508506774902,0.1956896551724138,0.14080086580086582,2.1137773394584656,0.3271551724137931,0.30115079365079367
9,51,6,2.0310895921270444,0.2559847260978117,2.0665001273155212,0.23965517241379308,0.20825396825396827,2.1086061000823975,0.30517241379310345,0.26383116883116886
9,51,7,1.8873611854060768,0.3088559259803202,2.0446966886520386,0.3413793103448276,0.28162851037851044,1.8262271881103516,0.24094827586206896,0.21160256410256412
9,51,8,1.7811188886722011,0.3554119547657512,2.015089213848114,0.3711206896551724,0.31597402597402596,1.7382826209068298,0.4038793103448276,0.3589285714285715
9,51,9,1.697087845099902,0.3962402702305772,2.0006972551345825,0.33663793103448275,0.26197430020959434,1.829012393951416,0.4241379310344828,0.3962012987012987
9,51,10,1.6365614094946384,0.416360699074754,1.8378390669822693,0.3711206896551724,0.3190029415029415,1.7449618577957153,0.4336206896551724,0.38076839826839826
9,51,11,1.5769824874542904,0.45292994566015565,1.8936227560043335,0.41637931034482756,0.34619047619047616,1.6967007517814636,0.38189655172413794,0.3182287157287157
9,51,12,1.5257714436887242,0.46365105008077545,1.8903604745864868,0.38663793103448274,0.3263888888888889,1.6369256377220154,0.505603448275862,0.45830808080808083
9,51,13,1.471073852199555,0.48377147892495226,1.9043417572975159,0.4366379310344828,0.38859279609279607,1.6446042656898499,0.41637931034482756,0.37112637362637363
9,51,14,1.4218517341073134,0.503745043325011,1.8359853625297546,0.4336206896551724,0.3946317571317572,1.6259164214134216,0.47586206896551725,0.4181105006105006
9,51,15,1.3854928162500957,0.5119694521956234,1.928974986076355,0.40689655172413797,0.37165917415917415,1.6590664982795715,0.4853448275862069,0.44750360750360746
9,51,16,1.3565803982294469,0.5284182699368483,1.9662744998931885,0.3741379310344828,0.337961482961483,1.6221442222595215,0.4336206896551724,0.38957070707070707
9,51,17,1.3210450213532174,0.5413423410192393,1.8916971683502197,0.3913793103448276,0.339611662846957,1.6440640687942505,0.5198275862068966,0.46795093795093795
9,51,18,1.2814792945252271,0.5545601409898664,1.9067522883415222,0.3568965517241379,0.314981684981685,1.5925540328025818,0.45862068965517244,0.41689393939393943
9,51,19,1.2512416620754534,0.5671904831840211,2.041185975074768,0.3616379310344828,0.31552669552669554,1.5868502855300903,0.505603448275862,0.45572871572871576
9,51,20,1.2197269127746742,0.5758554853869878,1.9475303292274475,0.3568965517241379,0.3134523809523809,1.5856080055236816,0.5008620689655172,0.4753968253968254
9,51,21,1.2013153776336056,0.5887795564693787,1.8289483189582825,0.3663793103448276,0.33282467532467536,1.5803306698799133,0.5650862068965516,0.5226875901875901
9,51,22,1.1802070608466781,0.598472609781172,2.0027225613594055,0.42112068965517246,0.36532828282828284,1.5329993963241577,0.5181034482758621,0.4884632034632035
9,51,23,1.144423404013398,0.6062564253194301,1.7883508205413818,0.38663793103448274,0.3566086691086691,1.5730494856834412,0.5133620689655172,0.47953823953823954
9,51,24,1.1277319802151042,0.6103686297547364,1.704020619392395,0.47586206896551725,0.4481746031746032,1.5171072483062744,0.5603448275862069,0.5236255411255412
9,51,25,1.1307760523111043,0.6081656630929652,1.8321397304534912,0.41637931034482756,0.3681529581529582,1.547999382019043,0.5823275862068966,0.555959595959596
9,51,26,1.0814095898283125,0.622558378616537,1.6899306774139404,0.5775862068965517,0.5316269841269841,1.5207202434539795,0.5181034482758621,0.484484126984127
9,51,27,1.0754090576361657,0.6290204141577325,1.9063560962677002,0.3788793103448276,0.36095238095238097,1.5051046013832092,0.5478448275862069,0.5075000000000001
9,51,28,1.0527788123592159,0.6350418563665736,1.9150211811065674,0.45862068965517244,0.4141988566988567,1.4797362089157104,0.6025862068965517,0.5660714285714286
9,51,29,1.0246697427820646,0.6398883830224703,1.9144062995910645,0.4288793103448276,0.4097655122655123,1.5303859114646912,0.505603448275862,0.46739177489177486
9,51,30,1.0126548280956147,0.6539873696578058,1.8651959896087646,0.4336206896551724,0.39985209235209235,1.4929456114768982,0.5728448275862069,0.513452380952381
9,51,31,0.9894075651038566,0.656043471875459,1.9054784178733826,0.4978448275862069,0.453452380952381,1.4825770854949951,0.585344827586207,0.553611111111111
9,51,32,0.9685548526509986,0.6672051696284329,1.9298915266990662,0.46336206896551724,0.4214163614163614,1.4995235800743103,0.530603448275862,0.4992063492063492
9,51,33,0.963652157909563,0.6664708474078426,1.8929877877235413,0.47586206896551725,0.44126984126984126,1.5112789273262024,0.5573275862068966,0.526547619047619
9,51,34,0.9719686591514916,0.659861947422529,1.8438875675201416,0.4663793103448276,0.4440981240981241,1.4915409684181213,0.5353448275862069,0.5050396825396826
9,51,35,0.9231592157125508,0.6776325451608166,1.8921293020248413,0.44612068965517243,0.4136721611721611,1.4847747683525085,0.5228448275862069,0.49464285714285716
9,51,36,0.9159152580526085,0.6814510207078867,1.9322003722190857,0.5133620689655172,0.4788203463203463,1.417272686958313,0.5978448275862069,0.5780555555555555
9,51,37,0.91844806352154,0.6779262740490527,2.0068402886390686,0.47887931034482756,0.42988095238095236,1.443823754787445,0.5258620689655172,0.49694444444444447
9,51,38,0.8849431708146515,0.6929064473490968,2.1418707370758057,0.46163793103448275,0.40249999999999997,1.4720640182495117,0.6056034482758621,0.5690873015873016
9,51,39,0.8835800593164388,0.6981935673373476,1.986070990562439,0.48836206896551726,0.441031746031746,1.4368082880973816,0.5603448275862069,0.5442857142857143
9,51,40,0.8580877122978472,0.6993684828902923,2.227094292640686,0.4663793103448276,0.41484487734487735,1.4492268562316895,0.5948275862068966,0.5680627705627705
9,51,41,0.8481431374519752,0.7050961962108974,1.9932919144630432,0.47887931034482756,0.41847402597402594,1.4272739887237549,0.5650862068965516,0.5223160173160173
9,51,42,0.8353335102288308,0.7078866206491409,2.0177336931228638,0.4711206896551724,0.43540404040404035,1.4530807137489319,0.5978448275862069,0.5746969696969697
9,51,43,0.828480958789784,0.7112645028638567,2.0306662917137146,0.4961206896551724,0.44872294372294375,1.4771550297737122,0.5353448275862069,0.5116774891774891
9,51,44,0.8128596033306265,0.7161110295197533,2.120585799217224,0.4366379310344828,0.40437229437229427,1.4212583303451538,0.5900862068965518,0.5740873015873016
9,51,45,0.7975428932685477,0.7168453517403437,1.997551143169403,0.44439655172413794,0.4007142857142857,1.4598506093025208,0.5258620689655172,0.48298701298701296
9,51,46,0.8022624017523851,0.7203700983991775,2.391128659248352,0.46163793103448275,0.40797619047619044,1.4522729516029358,0.6198275862068966,0.6021428571428571
9,51,47,0.7686875437233552,0.7322661183727419,2.1216612458229065,0.5086206896551724,0.45380952380952383,1.4122182726860046,0.6198275862068966,0.5917965367965368
9,51,48,0.7460657916837264,0.7459245116757233,2.641001582145691,0.41163793103448276,0.37452380952380954,1.4623985290527344,0.530603448275862,0.4934126984126984
9,51,49,0.7747329210356164,0.7288882361580261,2.055765151977539,0.4568965517241379,0.4123124098124098,1.4417691826820374,0.5603448275862069,0.5343073593073593
9,51,50,0.7502513996723869,0.7369657805845204,2.5268856287002563,0.41163793103448276,0.3812806637806637,1.4569161534309387,0.5758620689655172,0.5606746031746033
9,51,51,0.7301734752164116,0.7450433250110148,2.517025113105774,0.48362068965517246,0.4470238095238095,1.4641334414482117,0.5478448275862069,0.5178968253968254
9,51,52,0.7355071244689403,0.7460713761198414,2.444709539413452,0.4913793103448276,0.4417460317460318,1.4557952880859375,0.5728448275862069,0.551518759018759
9,51,53,0.7320385402581961,0.7406373916874724,2.489262819290161,0.3943965517241379,0.3448809523809524,1.4722479581832886,0.568103448275862,0.5362445887445888
9,51,54,0.7221688137721133,0.7409311205757086,2.4599188566207886,0.4193965517241379,0.3826115551115551,1.4960811734199524,0.5431034482758621,0.5121428571428571
9,51,55,0.7196712772967725,0.7469525627845499,2.633439540863037,0.44612068965517243,0.4202056277056277,1.442997395992279,0.6400862068965517,0.6223809523809524
9,51,56,0.6756618369831915,0.7600234983110589,2.43840491771698,0.4413793103448276,0.4088311688311688,1.4861388206481934,0.568103448275862,0.5514502164502164
9,51,57,0.687095488092941,0.7553238360992803,2.52535617351532,0.41163793103448276,0.3696031746031746,1.4703438878059387,0.568103448275862,0.5520238095238095
9,51,58,0.6589396666598085,0.7667792627404906,2.474975109100342,0.48836206896551726,0.4294047619047619,1.4768747091293335,0.5478448275862069,0.5373809523809523
9,51,59,0.6228194331121367,0.7810251138199442,2.4310110807418823,0.47887931034482756,0.4331166056166056,1.4683266878128052,0.5758620689655172,0.5372619047619047
9,51,60,0.6398679110723404,0.7698634160669702,2.5540846586227417,0.4241379310344828,0.38755050505050503,1.4912251234054565,0.530603448275862,0.5141774891774892
9,51,61,0.6397094324762941,0.7720663827287414,2.673331141471863,0.36939655172413793,0.33708485958485956,1.4668550491333008,0.555603448275862,0.5312806637806637
9,51,62,0.6339522943454335,0.7777940960493465,2.6138815879821777,0.43189655172413793,0.39960317460317457,1.4923760890960693,0.5336206896551725,0.49738095238095237
9,51,63,0.6295141630068384,0.7838155382581877,2.5350265502929688,0.44439655172413794,0.39643939393939387,1.475364089012146,0.580603448275862,0.5713203463203462
9,51,64,0.6401313858544149,0.7726538405052137,2.6330913305282593,0.4288793103448276,0.3914502164502165,1.4988014101982117,0.568103448275862,0.5565584415584415
9,51,65,0.6175098834820021,0.7854310471434865,3.054656505584717,0.36939655172413793,0.32047619047619047,1.4753440022468567,0.5508620689655173,0.545079365079365
9,51,66,0.5934632150835185,0.7946835071229256,2.1044140458106995,0.4913793103448276,0.44309523809523804,1.4559505581855774,0.5431034482758621,0.5338492063492064
9,51,67,0.602860220672801,0.7892495226905566,2.581520199775696,0.4961206896551724,0.45179292929292936,1.4990424513816833,0.5383620689655173,0.5268470418470419
9,51,68,0.5975359561842852,0.7904244382435013,2.9242671728134155,0.4413793103448276,0.4020238095238095,1.511580765247345,0.5431034482758621,0.5181060606060606
9,51,69,0.5776498524395796,0.793655456014099,2.8262410163879395,0.45862068965517244,0.4251010101010101,1.5399394035339355,0.5086206896551724,0.48055555555555557
9,51,70,0.5838880587611575,0.7983551182258776,2.4943981170654297,0.43189655172413793,0.3881457431457432,1.4656251072883606,0.6056034482758621,0.5931746031746032
10,52,1,2.303439789921019,0.12238893792291851,2.3468167781829834,0.165,0.08736263736263737,2.3156960010528564,0.08,0.0596168537345008
10,52,2,2.2672682367517303,0.15372168284789645,2.247912287712097,0.13,0.07971014492753623,2.186016321182251,0.3,0.3001293151293151
10,52,3,2.213198979344919,0.1776993233303913,2.2223098278045654,0.135,0.07893162393162394,2.462681531906128,0.2,0.19375402375402376
10,52,4,2.1141246354871024,0.2213886437187408,2.0135942101478577,0.215,0.16933737014619366,2.2258825302124023,0.28,0.27197191697191697
10,52,5,1.983916314043133,0.27566931450426596,1.8868716955184937,0.235,0.20009920634920633,2.131143569946289,0.22,0.18832442067736185
10,52,6,1.8802863522886213,0.3308325978228891,1.8606674075126648,0.265,0.20286519036519035,1.9621621370315552,0.3,0.302014652014652
10,52,7,1.7948372235681143,0.3595175051485731,2.007365047931671,0.3,0.2746871914635073,1.8805629014968872,0.38,0.3820707070707071
10,52,8,1.7229219113914152,0.39423359811709324,1.9669386744499207,0.28500000000000003,0.231687552213868,1.7400634288787842,0.42,0.40220945720945717
10,52,9,1.6525664445265984,0.41541629891144455,2.0971567630767822,0.25,0.21697568771098186,1.6851260662078857,0.38,0.37965811965811963
10,52,10,1.5948617406437138,0.4351279788172992,1.923669457435608,0.445,0.4124206349206349,1.6359955072402954,0.38,0.36709956709956715
10,52,11,1.5286848814777152,0.46498970285378055,1.9257500767707825,0.375,0.31805111555111554,1.709534764289856,0.42,0.40989843489843486
10,52,12,1.4736838251326005,0.48058252427184467,2.077421545982361,0.41500000000000004,0.3573107448107448,1.6856709718704224,0.46,0.4633333333333334
10,52,13,1.4420979882942013,0.4942630185348632,2.1976277232170105,0.315,0.27001373626373626,1.5956724882125854,0.52,0.5214285714285714
10,52,14,1.386387849772948,0.5175051485731097,2.0152337551116943,0.42500000000000004,0.36411255411255405,1.6507256031036377,0.4,0.3892784992784993
10,52,15,1.355299972758359,0.529126213592233,2.153872013092041,0.37,0.30005952380952383,1.6776673793792725,0.44,0.4337645361174773
10,52,16,1.3223708972891628,0.5326566637246248,2.1583670377731323,0.405,0.3543345543345544,1.615229606628418,0.5,0.4901010101010101
10,52,17,1.2818076055552827,0.5488378934980876,2.0034676790237427,0.455,0.39701839826839824,1.5880377292633057,0.46,0.4383549783549784
10,52,18,1.2574540715457483,0.5654604295380995,1.868315577507019,0.47,0.4116100566100567,1.5091720819473267,0.6,0.59008658008658
10,52,19,1.235026292781263,0.570903206825537,1.8839749097824097,0.405,0.32790598290598294,1.6071618795394897,0.54,0.5410678210678211
10,52,20,1.196662903147678,0.5838481906443072,2.114594876766205,0.405,0.36385461760461757,1.576015591621399,0.54,0.5153535353535353
10,52,21,1.1908965725588707,0.5876728449543983,2.1311710476875305,0.51,0.429478021978022,1.5270166397094727,0.54,0.5116666666666667
10,52,22,1.1517995523333233,0.6003236245954693,2.2933385968208313,0.41500000000000004,0.35439255189255187,1.4803454875946045,0.62,0.5989676989676991
10,52,23,1.1324196981661248,0.6070903206825536,2.3156075477600098,0.435,0.38929112554112555,1.4866942167282104,0.56,0.5291647241647242
10,52,24,1.131694310831652,0.6047366872609591,2.023122251033783,0.51,0.4683533133533133,1.5246992111206055,0.56,0.5366106116106116
10,52,25,1.093484786651737,0.6128273021476905,1.9153693318367004,0.525,0.4710975135975136,1.3862532377243042,0.64,0.6197874347874348
10,52,26,1.069468626943747,0.6259193880553103,2.140736937522888,0.49,0.43251914751914755,1.4101120233535767,0.62,0.6001875901875902
10,52,27,1.05519025663868,0.6345984112974404,2.171591818332672,0.475,0.42650793650793645,1.4107682704925537,0.62,0.5978138528138528
10,52,28,1.048846028593927,0.6340100029420418,2.1429099440574646,0.51,0.45799866799866795,1.375879168510437,0.62,0.5825757575757576
10,52,29,1.0135238577282124,0.6453368637834658,2.4095667600631714,0.51,0.4705483405483406,1.4248619079589844,0.62,0.5786363636363636
10,52,30,1.019861157026737,0.6462194763165637,1.9353002309799194,0.52,0.45945165945165944,1.3266774415969849,0.68,0.6534343434343434
10,52,31,0.996107803368856,0.6503383348043542,2.277536392211914,0.515,0.4498321123321123,1.342400074005127,0.68,0.6598484848484848
10,52,32,0.989251785013177,0.6475433951162106,1.9949287176132202,0.5,0.43612681436210843,1.2759230136871338,0.7,0.691991341991342
10,52,33,0.9759906102503423,0.656957928802589,2.1685186624526978,0.47000000000000003,0.4167643467643468,1.3343838453292847,0.66,0.6403624153624154
10,52,34,0.9360116648828327,0.6706384230656075,2.0603492856025696,0.545,0.4925145687645688,1.353585958480835,0.62,0.6046553446553447
10,52,35,0.9370564139916918,0.6732862606649015,2.273281693458557,0.48000000000000004,0.44426490176490174,1.3107404708862305,0.64,0.6174858474858474
10,52,36,0.9101693200763445,0.6782877316857899,2.459126830101013,0.485,0.4410866910866911,1.339064359664917,0.66,0.642092352092352
10,52,37,0.8823355808788343,0.6921153280376582,2.6858818531036377,0.41000000000000003,0.37844516594516586,1.3814600706100464,0.62,0.6083838383838384
10,52,38,0.8892636358930841,0.6813768755516328,2.4401615858078003,0.46499999999999997,0.43461732711732715,1.396841287612915,0.62,0.6074547674547676
10,52,39,0.8491499878512161,0.6988820241247425,2.3008905053138733,0.55,0.5244105894105895,1.3477809429168701,0.64,0.6297008547008547
10,52,40,0.8569290399481247,0.7010885554574875,2.2540876269340515,0.485,0.45103729603729603,1.3411941528320312,0.66,0.6421212121212121
10,52,41,0.8461508177665795,0.6990291262135923,2.1686344742774963,0.53,0.49004329004329006,1.3312557935714722,0.68,0.669004329004329
10,52,42,0.8255870698234129,0.7066784348337747,2.5758378505706787,0.545,0.4793389943389944,1.348656177520752,0.64,0.6228860028860028
10,52,43,0.8467319220891943,0.6988820241247425,2.4367900490760803,0.525,0.47857864357864355,1.3380672931671143,0.66,0.6312753912753912
10,52,44,0.8177089064077055,0.7107972933215652,2.336879551410675,0.54,0.492012987012987,1.3425544500350952,0.66,0.6458946608946607
10,52,45,0.8118610331401225,0.716092968520153,2.1788649559020996,0.455,0.415492562992563,1.350571870803833,0.7,0.6863347763347764
10,52,46,0.781121305119609,0.7206531332744925,2.3466426134109497,0.47000000000000003,0.4231440781440781,1.344801902770996,0.64,0.6236363636363637
10,52,47,0.7919397511072599,0.7199176228302442,2.3439210653305054,0.51,0.48717532467532465,1.3528163433074951,0.68,0.6625252525252524
