run_id,phase,dataset,epoch,train_loss,train_acc,val_loss,val_acc,val_f1_macro
1,finetune_scratch,nm,1,2.3138354736032665,0.11475409836065574,2.2947086443219864,0.10928571428571429,0.06635018699038826
1,finetune_scratch,nm,2,2.2919057563184473,0.12687099073414113,2.282465546471732,0.12428571428571429,0.07988220560864433
1,finetune_scratch,nm,3,2.281522449503378,0.13114754098360656,2.279607528959002,0.13357142857142856,0.09536069121993204
1,finetune_scratch,nm,4,2.2764095608653916,0.1361368496079829,2.277178307941982,0.13714285714285715,0.09811201007664938
1,finetune_scratch,nm,5,2.274127602832112,0.1370871941078641,2.2703569861820765,0.14357142857142857,0.1033048684028205
1,finetune_scratch,nm,6,2.269600094228551,0.14183891660727013,2.2634893185751777,0.15142857142857144,0.10203442397674949
1,finetune_scratch,nm,7,2.2593187717678824,0.1522927061059634,2.259531192779541,0.18285714285714286,0.13936745057006972
1,finetune_scratch,nm,8,2.2485334820519665,0.16108339272986458,2.2252526487622943,0.1742857142857143,0.14791027848146682
1,finetune_scratch,nm,9,2.2394962471662665,0.16868614872891424,2.2205752086639405,0.18428571428571427,0.14052866532667946
1,finetune_scratch,nm,10,2.219963698127712,0.17367545735329057,2.2115085342952185,0.19357142857142856,0.1506965991051923
1,finetune_scratch,nm,11,2.203494492265951,0.18389166072701355,2.189216537475586,0.21214285714285713,0.1745306539542808
1,finetune_scratch,nm,12,2.1848023183047274,0.1948206224756474,2.180624385561262,0.22,0.18869212267439112
1,finetune_scratch,nm,13,2.1631235773304516,0.2059871703492516,2.172218153817313,0.21714285714285714,0.17341382347838477
1,finetune_scratch,nm,14,2.151715215409728,0.20361130909954858,2.1621106243133545,0.21642857142857144,0.18569795368029668
1,finetune_scratch,nm,15,2.1304346374843433,0.20931337609883582,2.1474746663229807,0.225,0.19110771966097212
1,finetune_scratch,nm,16,2.113439388019111,0.22428130197196483,2.1422984273093086,0.225,0.18943108344677267
1,finetune_scratch,nm,17,2.0965175401515874,0.2325968163459254,2.1390031364985873,0.22071428571428572,0.18488820450519255
1,finetune_scratch,nm,18,2.0771034794257073,0.2335471608458066,2.145460743222918,0.23785714285714285,0.2041098547665338
1,finetune_scratch,nm,19,2.070401904814655,0.23972440009503446,2.1241164997645785,0.24285714285714285,0.21241935844071164
1,finetune_scratch,nm,20,2.049889669675503,0.2454264670943217,2.1125023964473177,0.23714285714285716,0.21641874741968628
1,finetune_scratch,nm,21,2.044184310726837,0.2539795675932526,2.121138210296631,0.24857142857142858,0.21684018185733756
1,finetune_scratch,nm,22,2.016948531149232,0.26752197671655975,2.0979594257899694,0.26285714285714284,0.2396837278488244
1,finetune_scratch,nm,23,1.9914972946971803,0.27678783559040154,2.0920394229888917,0.2664285714285714,0.2406400838239425
1,finetune_scratch,nm,24,1.9832199419102723,0.2729864575908767,2.1222866916656495,0.2692857142857143,0.2388376565719422
1,finetune_scratch,nm,25,1.9782891164173788,0.27845093846519364,2.066189968926566,0.27714285714285714,0.25146244571389836
1,finetune_scratch,nm,26,1.9702982620435023,0.28225231646471843,2.0847887665884834,0.2842857142857143,0.2579382091545071
1,finetune_scratch,nm,27,1.9500485466902486,0.29223093371347114,2.0953723294394355,0.27214285714285713,0.2533298074350725
1,finetune_scratch,nm,28,1.9434002855662977,0.298408172962699,2.079471972329276,0.2814285714285714,0.26555142398287895
1,finetune_scratch,nm,29,1.9356573422466612,0.2900926585887384,2.093953751155308,0.2785714285714286,0.25459183414278164
1,finetune_scratch,nm,30,1.9274091156397388,0.3045854122119268,2.051292950766427,0.3007142857142857,0.27620150732077964
1,finetune_scratch,nm,31,1.9239985207022723,0.3005464480874317,2.08708763395037,0.2857142857142857,0.2549394922561633
1,finetune_scratch,nm,32,1.9041646940460621,0.3145640294606795,2.0594997583116803,0.2985714285714286,0.27355734147608957
1,finetune_scratch,nm,33,1.9057236745312764,0.3162271323354716,2.0179677213941303,0.32,0.30216408945293927
1,finetune_scratch,nm,34,1.887393498256445,0.31693989071038253,2.023689241409302,0.32,0.30078795827291915
1,finetune_scratch,nm,35,1.8805682255837153,0.32264195770966975,2.039728215081351,0.3142857142857143,0.3041903972109837
1,finetune_scratch,nm,36,1.86043581171822,0.3328581610833927,2.060392255783081,0.3092857142857143,0.29139657601664515
1,finetune_scratch,nm,37,1.8573916693089494,0.32454264670943217,2.045275983810425,0.31214285714285717,0.2937543450243322
1,finetune_scratch,nm,38,1.846504455933692,0.33998574483250177,2.066116886138916,0.30428571428571427,0.2821882215039825
1,finetune_scratch,nm,39,1.8311374901762256,0.34687574245664055,2.0373667335510253,0.31285714285714283,0.2951198202945245
1,finetune_scratch,nm,40,1.829681055113606,0.3459253979567593,2.1200310475485664,0.29642857142857143,0.2866339164228736
1,finetune_transfer,nm,1,2.915461521019531,0.11119030648610122,2.627168644496373,0.11785714285714285,0.08449642700485739
1,finetune_transfer,nm,2,2.3567667740998344,0.12045616535994298,2.3571504007067,0.13214285714285715,0.09304960668700908
1,finetune_transfer,nm,3,2.301775986181356,0.13138512710857686,2.341114743096488,0.15142857142857144,0.08822121945431263
1,finetune_transfer,nm,4,2.288864109628867,0.14540270848182466,2.2995851489475796,0.155,0.10323822230999866
1,finetune_transfer,nm,5,2.2786591919676713,0.14540270848182466,2.2959280368259973,0.14857142857142858,0.09148978676947991
1,finetune_transfer,nm,6,2.2634050676731463,0.15728201473033976,2.2779172447749545,0.15928571428571428,0.11457364078207813
1,finetune_transfer,nm,7,2.250471928420444,0.15704442860536943,2.2621271882738387,0.17,0.11974993491804076
1,finetune_transfer,nm,8,2.2325813671165533,0.17533856022808267,2.2450630256107877,0.16,0.13566255424141233
1,finetune_transfer,nm,9,2.2250675243106697,0.1758137324780233,2.2463560472215924,0.16142857142857142,0.127087808972575
1,finetune_transfer,nm,10,2.2099258144045137,0.18816821097647898,2.261788112095424,0.15785714285714286,0.11486496729755506
1,finetune_transfer,nm,11,2.2168406148680773,0.17272511285340936,2.2688082776750838,0.15642857142857142,0.10681759699951299
1,finetune_transfer,nm,12,2.213732466954861,0.17486338797814208,2.245785730906895,0.18785714285714286,0.1442084289975349
1,finetune_transfer,nm,13,2.2019562588136816,0.1907816583511523,2.254308527537755,0.17357142857142857,0.13741784810965815
1,finetune_transfer,nm,14,2.191466555739276,0.1933951057258256,2.2573672498975483,0.18785714285714286,0.1524327663624399
1,finetune_transfer,nm,15,2.1889707758353594,0.19672131147540983,2.221530705860683,0.18285714285714286,0.1569055779122662
1,finetune_transfer,nm,16,2.173463103493083,0.20123544784984557,2.228517837524414,0.18428571428571427,0.16208075983690887
1,finetune_transfer,nm,17,2.1596731325599525,0.2047992397244001,2.237101937702724,0.19714285714285715,0.16464767373797523
1,finetune_transfer,nm,18,2.151198676658317,0.2040864813494892,2.2521995435442244,0.19071428571428573,0.16803602090709463
1,finetune_transfer,nm,19,2.134578827753518,0.2190544072226182,2.212744496209281,0.20714285714285716,0.18699134768036157
1,finetune_transfer,nm,20,2.1187492911791286,0.23093371347113328,2.2129241630009244,0.21214285714285713,0.1910319069125365
1,finetune_transfer,nm,21,2.107394994593879,0.22998336897125207,2.2383629172188897,0.205,0.18013244958581642
1,finetune_transfer,nm,22,2.097619722789584,0.23663578047042053,2.199159620829991,0.215,0.2029941608091484
1,finetune_transfer,nm,23,2.091346130939809,0.24471370871941078,2.1979481574467252,0.22428571428571428,0.19584563666121663
1,finetune_transfer,nm,24,2.075986317654748,0.2511285340936089,2.192916623524257,0.23285714285714285,0.20334294719902185
1,finetune_transfer,nm,25,2.0698294191525877,0.2482775005939653,2.201412695475987,0.23857142857142857,0.2139645747688806
1,finetune_transfer,nm,26,2.0482966431134897,0.26752197671655975,2.210777424403599,0.23714285714285716,0.2214753981381045
1,finetune_transfer,nm,27,2.0325530610817517,0.2710857685911143,2.189344662257603,0.23785714285714285,0.21322956606591442
1,finetune_transfer,nm,28,2.0367910943254492,0.2601568068424804,2.1734946646009172,0.2542857142857143,0.2322185665310025
1,finetune_transfer,nm,29,2.019542930471158,0.273224043715847,2.156465802873884,0.2507142857142857,0.23342617559872467
1,finetune_transfer,nm,30,1.9986032771225863,0.2706105963411737,2.1556312779017857,0.2571428571428571,0.24241400850038147
1,finetune_transfer,nm,31,1.9960681883731968,0.27797576621525305,2.170115103040423,0.25642857142857145,0.2383105526735528
1,finetune_transfer,nm,32,1.9661374789118116,0.2948443810881444,2.1761424241747176,0.26785714285714285,0.2458587944187542
1,finetune_transfer,nm,33,1.9542179905510084,0.29341886433832265,2.147154585974557,0.28214285714285714,0.2666218760122443
1,finetune_transfer,nm,34,1.960333114679762,0.2953195533380851,2.182647784096854,0.28214285714285714,0.2617256140846125
1,finetune_transfer,nm,35,1.9454449408975965,0.29460679496317416,2.154323170525687,0.2885714285714286,0.27646676069706766
1,finetune_transfer,nm,36,1.9321371067672026,0.3022095509622238,2.1553074332645963,0.2857142857142857,0.26692531269259323
1,finetune_transfer,nm,37,1.9115615799070735,0.3052981705868377,2.1233459908621652,0.2985714285714286,0.28661753684886143
1,finetune_transfer,nm,38,1.90507716049517,0.32097885483487765,2.1351107365744455,0.29928571428571427,0.291596397765279
1,finetune_transfer,nm,39,1.8814999728962996,0.32786885245901637,2.137553107397897,0.29642857142857143,0.28710128685571323
1,finetune_transfer,nm,40,1.8757865920602694,0.32549299120931335,2.134887236186436,0.2957142857142857,0.277080668185012
1,finetune_transfer,nm,41,1.877645630710735,0.33380850558327396,2.1766862079075406,0.2957142857142857,0.2811174835716501
1,finetune_transfer,nm,42,1.8638846960620603,0.3292943692088382,2.129255174909319,0.31,0.3018612109238629
1,finetune_transfer,nm,43,1.869850974237021,0.33594678070800665,2.1522761835370745,0.30214285714285716,0.280410351858278
1,finetune_transfer,nm,44,1.8435902464670193,0.3437871228320266,2.1352534348624093,0.3092857142857143,0.2988237048693436
1,finetune_transfer,nm,45,1.8372274165369886,0.3395105725825612,2.1076977716173446,0.33,0.32689033732041567
1,pretrain,old,1,2.258439265101789,0.16566265060240964,2.139345226572135,0.18337850045167117,0.14090404446298183
1,pretrain,old,2,2.1096503860979197,0.21626506024096387,2.114278812933959,0.2222222222222222,0.14324920870136446
1,pretrain,old,3,2.054336388427091,0.23765060240963856,2.039227687246431,0.2601626016260163,0.21205881967929266
1,pretrain,old,4,2.0177635876529187,0.2596385542168675,2.0025590171443524,0.2728093947606143,0.2386613891268709
1,pretrain,old,5,1.9865876973393453,0.27259036144578314,1.9832539331191492,0.3008130081300813,0.2566875496573832
1,pretrain,old,6,1.9612438316804817,0.2786144578313253,1.9687636808543563,0.2971996386630533,0.24228007714839475
1,pretrain,old,7,1.9273732633475797,0.2987951807228916,1.9447196496965224,0.3035230352303523,0.26336852711480907
1,pretrain,old,8,1.8994976623948798,0.31114457831325304,1.9011452596469731,0.3143631436314363,0.26648387861722267
1,pretrain,old,9,1.8820424729082958,0.32379518072289154,1.9011371763525724,0.3297199638663053,0.2834898797367508
1,pretrain,old,10,1.8560090803238283,0.3313253012048193,1.7955466497019807,0.35772357723577236,0.32132287854452424
1,pretrain,old,11,1.8043317593723895,0.35602409638554217,1.7405800235734508,0.37308039747064137,0.34050349457552515
1,pretrain,old,12,1.7723435189350543,0.3746987951807229,1.7120094952975293,0.3866305329719964,0.3583346877251571
1,pretrain,old,13,1.746798522788358,0.3710843373493976,1.7995830591239688,0.34778681120144533,0.3079487581378094
1,pretrain,old,14,1.7063818957432206,0.3960843373493976,1.6629188198599605,0.3947606142728094,0.3622874805254793
1,pretrain,old,15,1.699386224976505,0.40120481927710844,1.6085138912123393,0.4173441734417344,0.38723447457370774
1,pretrain,old,16,1.6258959468588772,0.4394578313253012,1.5958288791703015,0.4218608852755194,0.3949586371021539
1,pretrain,old,17,1.6057477775826512,0.44969879518072287,1.5823898642797565,0.4363143631436314,0.41367328130451747
1,pretrain,old,18,1.5704710006713867,0.463855421686747,1.561527285149427,0.43089430894308944,0.40688871973955437
1,pretrain,old,19,1.515307182576283,0.4894578313253012,1.4767461617787678,0.47244805781391147,0.4559939144505668
1,pretrain,old,20,1.5064895428806901,0.4825301204819277,1.3954767217050292,0.48148148148148145,0.46285904605853967
1,pretrain,old,21,1.4009392218417431,0.5243975903614457,1.3639259161772552,0.5149051490514905,0.5107787526996819
1,pretrain,old,22,1.38571088227881,0.5298192771084337,1.3134256037054777,0.5383920505871725,0.531685779050872
1,pretrain,old,23,1.3403017181948007,0.541566265060241,1.2728780317974178,0.5392953929539296,0.5310622359439755
1,pretrain,old,24,1.2742173778005392,0.5746987951807229,1.2405382407713066,0.5582655826558266,0.5479807787910957
1,pretrain,old,25,1.237877596717283,0.5984939759036144,1.2193125316767188,0.5591689250225835,0.5524691796735111
1,pretrain,old,26,1.163302158160382,0.6159638554216867,1.216108694093768,0.5808491418247516,0.5739796063288942
1,pretrain,old,27,1.1435776581247168,0.6328313253012048,1.1613534896785112,0.5925925925925926,0.5836743676085889
1,pretrain,old,28,1.1795258507671127,0.6204819277108434,1.0851322526638854,0.6151761517615176,0.6085177661552381
1,pretrain,old,29,1.0873072081301585,0.6593373493975904,1.1010896995892476,0.6016260162601627,0.59505868135265
1,pretrain,old,30,1.026583370817713,0.6795180722891566,1.062493239368742,0.6178861788617886,0.609147522588068
1,pretrain,old,31,1.040442694813372,0.6701807228915663,1.0084750525242807,0.6531165311653117,0.6498082518644223
1,pretrain,old,32,0.9764749710818371,0.691566265060241,1.0284079418811265,0.6540198735320687,0.6509386835803186
1,pretrain,old,33,0.9016309301537203,0.716566265060241,1.0163033284253653,0.6540198735320687,0.6485273147493812
1,pretrain,old,34,0.8663075342235795,0.725,0.9417725407334201,0.6775067750677507,0.6742533603776087
1,pretrain,old,35,0.8343065260404564,0.7385542168674699,0.9521257249535799,0.6847335140018067,0.6812248075481023
1,pretrain,old,36,0.8249510212116931,0.7415662650602409,0.868327560463572,0.7109304426377597,0.7095984587049469
1,pretrain,old,37,0.8378244690148228,0.7340361445783132,0.940529065565042,0.7009936766034327,0.6993951095429043
1,pretrain,old,38,0.8220194250704295,0.7424698795180723,0.9118784940124312,0.6865401987353207,0.6874250160217167
1,pretrain,old,39,0.7354723006845957,0.7734939759036145,0.891737918166718,0.7100271002710027,0.7062046944165126
1,pretrain,old,40,0.8115413721785488,0.7533132530120482,0.894384858892539,0.7091237579042458,0.7064512900011344
1,pretrain,old,41,0.7282711625099182,0.7759036144578313,0.8944067277667107,0.7163504968383018,0.7136207355469092
1,pretrain,old,42,0.7496829170778573,0.7650602409638554,0.865182151693208,0.7299006323396567,0.7271438505780808
1,pretrain,old,43,0.7157127001199377,0.7731927710843374,0.851121401560662,0.7362240289069557,0.735912378200641
1,pretrain,old,44,0.7401745750243405,0.7683734939759036,0.9441670083525812,0.6937669376693767,0.6907897621692902
1,pretrain,old,45,0.6992613268185811,0.7777108433734939,0.8931287087183766,0.7145438121047877,0.7129358784799987
2,finetune_scratch,hcmyo,1,2.2523792690700954,0.15416666666666667,2.175849871633847,0.20143405035851258,0.17558833929661793
2,finetune_scratch,hcmyo,2,2.1404369990030925,0.22433333333333333,2.142361320196161,0.21227280306820076,0.16840541472943943
2,finetune_scratch,hcmyo,3,2.1003939668867324,0.23344444444444445,2.1163787142085853,0.25029181257295313,0.2147176417542528
2,finetune_scratch,hcmyo,4,2.0588358715905084,0.2595,2.018031982902847,0.28064032016008006,0.25349404038886003
2,finetune_scratch,hcmyo,5,1.9944560679329766,0.28894444444444445,1.9137208424390546,0.32032683008170754,0.29326721180855825
2,finetune_scratch,hcmyo,6,1.9332105195787217,0.31544444444444447,1.8419101341517743,0.3458395864598966,0.3255005718154755
2,finetune_scratch,hcmyo,7,1.8745640759997897,0.3365,1.7888260717807023,0.3710188427547107,0.3454623138688869
2,finetune_scratch,hcmyo,8,1.7899446344375611,0.37544444444444447,1.6808992259121147,0.41487410371852596,0.401794071341918
2,finetune_scratch,hcmyo,9,1.7172674573262532,0.4075,1.648591206881609,0.4253793563448391,0.41666367336662813
2,finetune_scratch,hcmyo,10,1.6337680120468139,0.43983333333333335,1.6030024197750814,0.4442221110555278,0.43596149672134227
2,finetune_scratch,hcmyo,11,1.5777467475467257,0.4622222222222222,1.507796433631114,0.47790561947640486,0.4748867318881941
2,finetune_scratch,hcmyo,12,1.518729911380344,0.4811111111111111,1.4428062764668397,0.5065866266466567,0.5034052802059055
2,finetune_scratch,hcmyo,13,1.469096941947937,0.49377777777777776,1.4523400768192885,0.5012506253126563,0.496287960913732
2,finetune_scratch,hcmyo,14,1.416972103330824,0.5185555555555555,1.3440513215662142,0.5431048857762214,0.5406663770380252
2,finetune_scratch,hcmyo,15,1.388234261724684,0.5287222222222222,1.3044635835579679,0.5614473903618475,0.5581348874814565
2,finetune_scratch,hcmyo,16,1.3222789101070829,0.5481666666666667,1.2661354206931061,0.5729531432382858,0.5728188048963259
2,finetune_scratch,hcmyo,17,1.2900150682661269,0.5628888888888889,1.2735923327802519,0.567116891779223,0.5659464800202727
2,finetune_scratch,hcmyo,18,1.2555786647796632,0.5740555555555555,1.1647585796300066,0.6024679006169752,0.6025724949393367
2,finetune_scratch,hcmyo,19,1.2106254702674017,0.5912222222222222,1.1207034993275058,0.6253126563281641,0.6226297066031543
2,finetune_scratch,hcmyo,20,1.209177280108134,0.5898888888888889,1.152670989071148,0.6118059029514757,0.60794066527846
2,finetune_scratch,hcmyo,21,1.1610825394524469,0.6050555555555556,1.0882915184162687,0.6373186593296648,0.638012516191167
2,finetune_scratch,hcmyo,22,1.1393784390555488,0.6155555555555555,1.037892926766989,0.6501584125396032,0.6497428537886392
2,finetune_scratch,hcmyo,23,1.092887598991394,0.6271111111111111,0.9961825217011175,0.6623311655827914,0.6606261603604336
2,finetune_scratch,hcmyo,24,1.0443097594049242,0.6456111111111111,1.025199475587756,0.6578289144572286,0.6567258797285661
2,finetune_scratch,hcmyo,25,1.055485037061903,0.6389444444444444,0.9440515055166635,0.6820076705019176,0.6817440372184663
2,finetune_scratch,hcmyo,26,1.052317823621962,0.6433888888888889,0.947992162061807,0.6828414207103551,0.6823999515569856
2,finetune_scratch,hcmyo,27,1.0018375675413345,0.6588888888888889,0.9102124485379958,0.695847923961981,0.6954180006313864
2,finetune_scratch,hcmyo,28,0.9748832792705959,0.6656111111111112,0.9439689661237186,0.6878439219609805,0.6874882433077658
2,finetune_scratch,hcmyo,29,0.9397180926005045,0.6764444444444444,0.8628954274347868,0.7175254293813573,0.7157935562922968
2,finetune_scratch,hcmyo,30,0.9518497029410469,0.6758888888888889,0.8569753266919429,0.7180256795064198,0.7178510968467366
2,finetune_scratch,hcmyo,31,0.9176610197491116,0.6877777777777778,0.8142898210475141,0.7321994330498582,0.7311934150026556
2,finetune_scratch,hcmyo,32,0.9287937150796255,0.6825555555555556,0.8864125862024378,0.7116891779222945,0.7104874346418292
2,finetune_scratch,hcmyo,33,0.9035623042848375,0.69,0.816871049276129,0.7325329331332333,0.7324125672214457
2,finetune_scratch,hcmyo,34,0.8894915967517429,0.6933333333333334,0.8017459213783369,0.7412039353009838,0.7408516939616346
2,finetune_scratch,hcmyo,35,0.856698501057095,0.7058888888888889,0.8108556007611388,0.7410371852592963,0.740222232668315
2,finetune_scratch,hcmyo,36,0.8412778443230523,0.7078333333333333,0.8225955243023789,0.7326996831749208,0.7317089754470848
2,finetune_scratch,hcmyo,37,0.8291395116382175,0.7162222222222222,0.7663260989434046,0.7563781890945472,0.7555554206374027
2,finetune_scratch,hcmyo,38,0.7904618819554646,0.7296111111111111,0.7718992706301889,0.7560446890111723,0.7551005253686099
2,finetune_scratch,hcmyo,39,0.8157084413104587,0.7181666666666666,0.7849808919908345,0.7548774387193596,0.7539185222988063
2,finetune_scratch,hcmyo,40,0.7933785732587179,0.7259444444444444,0.7885535950534082,0.7532099383024846,0.7518236690390621
2,finetune_transfer,hcmyo,1,2.315056547270881,0.15944444444444444,2.146212964489676,0.21027180256795064,0.18094478659194452
2,finetune_transfer,hcmyo,2,2.107073409822252,0.2406111111111111,2.029658544991878,0.2741370685342671,0.25859879038891126
2,finetune_transfer,hcmyo,3,1.9940937116410997,0.29688888888888887,1.9721753286265802,0.3234950808737702,0.31789142759489175
2,finetune_transfer,hcmyo,4,1.927046376016405,0.31716666666666665,2.0055483612732745,0.30948807737201933,0.2914652722394674
2,finetune_transfer,hcmyo,5,1.8501683031717937,0.3468333333333333,1.8518365654266336,0.3856928464232116,0.3701924940760826
2,finetune_transfer,hcmyo,6,1.7779482312732273,0.37394444444444447,1.7406108098436002,0.41303985325996334,0.3938629537765091
2,finetune_transfer,hcmyo,7,1.6734577957789103,0.41294444444444445,1.6805055632886636,0.4595631148907787,0.44882840661566537
2,finetune_transfer,hcmyo,8,1.6149062277475992,0.4413888888888889,1.6136889426295153,0.48107387026846754,0.4625291511784229
2,finetune_transfer,hcmyo,9,1.5373511436250475,0.4721111111111111,1.4998569728529252,0.51975987993997,0.5088152507308532
2,finetune_transfer,hcmyo,10,1.4808953196207681,0.4887222222222222,1.4303278501319632,0.5391028847757212,0.5315144555173082
2,finetune_transfer,hcmyo,11,1.4297746295928955,0.5093333333333333,1.4183706626487371,0.5459396364849092,0.5372104054717782
2,finetune_transfer,hcmyo,12,1.3831551474465265,0.5285555555555556,1.361704279795197,0.5729531432382858,0.5700459120288989
2,finetune_transfer,hcmyo,13,1.323644254260593,0.5501666666666667,1.3183543864679232,0.5856261464065367,0.5793030904544304
2,finetune_transfer,hcmyo,14,1.2706084252463448,0.5655,1.3670512590285875,0.5817908954477239,0.5747538197652575
2,finetune_transfer,hcmyo,15,1.232504417207506,0.5810555555555555,1.1775554515867406,0.6288144072036018,0.6244105296672164
2,finetune_transfer,hcmyo,16,1.1831224220063952,0.5975,1.1526671011353087,0.6381524095381024,0.6341732247550326
2,finetune_transfer,hcmyo,17,1.1404624972873263,0.6154444444444445,1.1034664532676903,0.6526596631649157,0.6476543788716533
2,finetune_transfer,hcmyo,18,1.1128145863215129,0.6244444444444445,1.0453933842687662,0.6741704185426046,0.6708994397122805
2,finetune_transfer,hcmyo,19,1.0926704988479614,0.6306111111111111,1.0769994451102365,0.6685009171252293,0.6646544844358981
2,finetune_transfer,hcmyo,20,1.0581252222061157,0.6397777777777778,1.002250492652297,0.6908454227113556,0.6884988799658243
2,finetune_transfer,hcmyo,21,1.0271783165931703,0.6522777777777777,0.9784464266561798,0.6945139236284809,0.6914127841104476
2,finetune_transfer,hcmyo,22,1.0107805649969313,0.6603888888888889,0.9675224370781096,0.7031849257962315,0.7006084990589533
2,finetune_transfer,hcmyo,23,0.9700666106541952,0.6707777777777778,0.9223113456442492,0.7123561780890445,0.7092482380183163
2,finetune_transfer,hcmyo,24,0.9876344522370233,0.6641666666666667,0.9133569340626757,0.7131899282974821,0.7087451613548124
2,finetune_transfer,hcmyo,25,0.8973596115112304,0.6962222222222222,0.9247400833031963,0.7165249291312323,0.7146993779119398
2,finetune_transfer,hcmyo,26,0.905680393324958,0.6946111111111111,0.8595396519075021,0.7333666833416709,0.7314984833243876
2,finetune_transfer,hcmyo,27,0.8984245732095506,0.6948333333333333,0.8017867969208327,0.7507086876771719,0.7495908701239531
2,finetune_transfer,hcmyo,28,0.872754677136739,0.7032777777777778,0.812838371841236,0.751042187760547,0.750676767561983
2,finetune_transfer,hcmyo,29,0.8628888476689657,0.7031666666666667,0.8482114030000109,0.7400366850091713,0.7381127318121801
2,finetune_transfer,hcmyo,30,0.8347801740434435,0.7168888888888889,0.7548163110526658,0.7640486910121728,0.7628952414357015
2,finetune_transfer,hcmyo,31,0.8476998546918233,0.7111111111111111,0.8166868569717937,0.7532099383024846,0.7521665763791637
2,finetune_transfer,hcmyo,32,0.805924029774136,0.7237777777777777,0.7741837870812285,0.7588794397198599,0.7580490937145197
2,finetune_transfer,hcmyo,33,0.7829753523402744,0.7341111111111112,0.8114572837489117,0.7525429381357346,0.7502672612546467
2,finetune_transfer,hcmyo,34,0.7881335748566521,0.7312777777777778,0.7671597715425594,0.7610471902617976,0.7592148893802653
2,finetune_transfer,hcmyo,35,0.7641715522342258,0.7425,0.80361325004428,0.7570451892612973,0.7562387070198012
2,finetune_transfer,hcmyo,36,0.7957884510887994,0.7269444444444444,0.7434551219493325,0.7655494413873604,0.7653470175254956
2,finetune_transfer,hcmyo,37,0.7360233482254877,0.7455,0.7322973239038196,0.7753876938469234,0.7741282510874469
2,finetune_transfer,hcmyo,38,0.7331473871866862,0.7527777777777778,0.7106580931170893,0.7813906953476738,0.7803107067984165
2,finetune_transfer,hcmyo,39,0.7299660472340054,0.7513888888888889,0.6932773684807294,0.7893946973486743,0.7884489623116263
2,finetune_transfer,hcmyo,40,0.688115424659517,0.7648333333333334,0.6729123067171032,0.7930631982657995,0.792284212762646
2,finetune_transfer,hcmyo,41,0.6823594568040636,0.7702777777777777,0.650398506837148,0.8005669501417375,0.8005355013870178
2,finetune_transfer,hcmyo,42,0.6923855462604099,0.7623333333333333,0.6640856983424307,0.7940636985159246,0.793437985406314
2,finetune_transfer,hcmyo,43,0.6903318374421862,0.7642777777777777,0.6745636484186431,0.7908954477238619,0.7904564153623455
2,finetune_transfer,hcmyo,44,0.6725651807785035,0.7708888888888888,0.6718543333603836,0.7958979489744873,0.795699215244301
2,finetune_transfer,hcmyo,45,0.6403885998725891,0.7811111111111111,0.626900339352204,0.807570451892613,0.8066109774512622
2,pretrain,old,1,2.2130364245679006,0.17379518072289157,2.119468833911279,0.20957542908762422,0.13326227638953136
2,pretrain,old,2,2.0780185693717863,0.22650602409638554,2.056505888565877,0.24209575429087624,0.2097453697100687
2,pretrain,old,3,2.0199574875544353,0.27228915662650605,1.9690586086211166,0.2809394760614273,0.23703554997176002
2,pretrain,old,4,1.959193042961948,0.2813253012048193,1.927647270161285,0.3152664859981933,0.2538545618063256
2,pretrain,old,5,1.9156462609049785,0.3045180722891566,1.905250454336647,0.3107497741644083,0.2556591385927906
2,pretrain,old,6,1.8509688917412814,0.32981927710843373,1.8332251175740009,0.33785004516711836,0.28874665430585644
2,pretrain,old,7,1.8317375295133476,0.33674698795180724,1.758042519008564,0.3604336043360434,0.31955814445914105
2,pretrain,old,8,1.7702872934111629,0.36837349397590363,1.7768968097131965,0.35411020776874436,0.3149150963460523
2,pretrain,old,9,1.758024719824274,0.37198795180722893,1.7430780825576162,0.3920505871725384,0.3463141850725389
2,pretrain,old,10,1.7171453053692738,0.39036144578313253,1.7290304435085582,0.3956639566395664,0.34799797961464357
2,pretrain,old,11,1.6561451090387551,0.413855421686747,1.6547278250889834,0.4092140921409214,0.36577251552576184
2,pretrain,old,12,1.6615503517978163,0.4183734939759036,1.6378421697297825,0.44625112917795845,0.4362234823119124
2,pretrain,old,13,1.632623199095209,0.4394578313253012,1.6079551270122234,0.4363143631436314,0.40323495775981855
2,pretrain,old,14,1.5648418868880674,0.4475903614457831,1.6104616815158668,0.4327009936766034,0.4086173385560471
2,pretrain,old,15,1.546045083597482,0.46204819277108433,1.5586995493751878,0.45528455284552843,0.435193627117801
2,pretrain,old,16,1.5538820220763425,0.4608433734939759,1.5173453928224654,0.47244805781391147,0.46075391502166624
2,pretrain,old,17,1.4682291450270688,0.5114457831325301,1.4511328295963566,0.4932249322493225,0.4766661179460372
2,pretrain,old,18,1.3959873995148993,0.5509036144578313,1.34822710452041,0.5474254742547425,0.543301345139743
2,pretrain,old,19,1.3346729766891663,0.5689759036144578,1.3413867820138423,0.5492321589882565,0.54213793359066
2,pretrain,old,20,1.3161485249737659,0.5771084337349398,1.2698013757733255,0.5889792231255646,0.5828702825118964
2,pretrain,old,21,1.2467820359999875,0.6009036144578314,1.3060802986951379,0.5618789521228545,0.5519557028224782
2,pretrain,old,22,1.1936341888933297,0.6292168674698795,1.188203838136461,0.5943992773261066,0.5915430917858614
2,pretrain,old,23,1.1052368579140628,0.6527108433734939,1.1649845290420933,0.6097560975609756,0.6053224307310444
2,pretrain,old,24,1.0844474049935857,0.658433734939759,1.1693276920723505,0.6160794941282746,0.6113522105400322
2,pretrain,old,25,1.071363599185484,0.6641566265060241,1.104745667155196,0.6485998193315267,0.644526504843229
2,pretrain,old,26,0.9929956029696637,0.6927710843373494,1.142808460553918,0.6305329719963866,0.627051881848317
2,pretrain,old,27,0.9803485528532281,0.6948795180722892,1.0719317261334895,0.6431797651309846,0.6396183266979463
2,pretrain,old,28,0.9887593042419618,0.6903614457831325,1.008935682603445,0.6603432700993677,0.661805708611517
2,pretrain,old,29,0.9512775240174259,0.7009036144578313,1.048866302824925,0.6711833785004516,0.6702007546932575
2,pretrain,old,30,0.9236854953938219,0.7183734939759037,1.0522661958068151,0.6784101174345076,0.6750717494411509
2,pretrain,old,31,0.875909349142787,0.7295180722891567,1.0553970046698131,0.6738934056007226,0.6736516614199589
2,pretrain,old,32,0.8293560117124075,0.7521084337349397,1.0171179568972153,0.6711833785004516,0.6672143293749133
2,pretrain,old,33,0.8069751577204969,0.7490963855421687,0.9452282362621759,0.7100271002710027,0.7083038224202894
2,pretrain,old,34,0.7581871457846768,0.7644578313253012,0.9300090159611758,0.7018970189701897,0.700218044051095
2,pretrain,old,35,0.810131642617375,0.7490963855421687,0.9096125089702244,0.7244805781391147,0.7226830886960127
2,pretrain,old,36,0.7405947262982288,0.7656626506024097,0.9638151587832587,0.7028003613369467,0.7025820807060378
2,pretrain,old,37,0.7861687383019781,0.7569277108433735,0.8777276398689766,0.7443541102077688,0.7426227210092227
2,pretrain,old,38,0.7579944018858025,0.7653614457831325,0.8754056532208513,0.7371273712737128,0.7356506486470743
2,pretrain,old,39,0.6929676524127822,0.791566265060241,0.9004646401849004,0.7262872628726287,0.7231082954837544
2,pretrain,old,40,0.6830678847180791,0.7930722891566265,0.8770532555804128,0.7344173441734417,0.7317792487701976
2,pretrain,old,41,0.7063992218798901,0.7867469879518072,0.822053456155696,0.7488708220415538,0.7477817138729892
2,pretrain,old,42,0.6590657815875778,0.7960843373493975,0.843264397620724,0.7461607949412827,0.7444758244577306
2,pretrain,old,43,0.6787823055163924,0.7903614457831325,0.8637647117810305,0.7407407407407407,0.7393887608374505
2,pretrain,old,44,0.6681859499000641,0.7903614457831325,0.8186885313397608,0.7642276422764228,0.7639496434962664
2,pretrain,old,45,0.603080836836114,0.8168674698795181,0.786759927882304,0.7678410117434508,0.766141338618785
3,finetune_scratch,old,1,2.264149219443999,0.15963855421686746,2.1753136853215493,0.18518518518518517,0.11489949090497945
3,finetune_scratch,old,2,2.1500988448958798,0.21234939759036145,2.0975100836887375,0.2140921409214092,0.16288764940764316
3,finetune_scratch,old,3,2.079559138309525,0.23734939759036144,2.0788291323368036,0.23486901535682023,0.16534223929488973
3,finetune_scratch,old,4,2.046178904498916,0.25421686746987954,2.048325905201127,0.25564588979223124,0.1941215456435033
3,finetune_scratch,old,5,2.0168122630521474,0.2716867469879518,2.0245474836475266,0.2565492321589883,0.19758635837673838
3,finetune_scratch,old,6,1.9939846906317287,0.2740963855421687,2.0020383248591918,0.2764227642276423,0.2170253817810673
3,finetune_scratch,old,7,1.9652121696127467,0.2891566265060241,1.9808767334017112,0.28545618789521227,0.2146758918123799
3,finetune_scratch,old,8,1.943776308197573,0.3060240963855422,1.9955894802751688,0.2908762420957543,0.24498127207642
3,finetune_scratch,old,9,1.9302884107612701,0.3180722891566265,1.9193732130064443,0.2917795844625113,0.23610239404756292
3,finetune_scratch,old,10,1.9048813584339188,0.31626506024096385,2.0022357875631,0.28545618789521227,0.2382161323309365
3,finetune_scratch,old,11,1.872880083681589,0.32951807228915664,1.972151416857822,0.3062330623306233,0.24852237526695814
3,finetune_scratch,old,12,1.8479686576199819,0.35120481927710845,1.9221907419025521,0.31978319783197834,0.2758709888007931
3,finetune_scratch,old,13,1.8370034189109343,0.3427710843373494,1.8403529575954392,0.33604336043360433,0.28790634022995526
3,finetune_scratch,old,14,1.7875464123415659,0.3753012048192771,1.8217333403383167,0.3568202348690154,0.31467701356740846
3,finetune_scratch,old,15,1.7774825805641083,0.3686746987951807,1.8488285507074647,0.34598012646793136,0.29939321322936663
3,finetune_scratch,old,16,1.7297914901411677,0.39156626506024095,1.7865541176205835,0.36946702800361336,0.3333275966478839
3,finetune_scratch,old,17,1.739888198404427,0.38795180722891565,1.8086193838739784,0.35862691960252935,0.3130909278955569
3,finetune_scratch,old,18,1.7124247461916453,0.4006024096385542,1.6932996349929148,0.41915085817524844,0.3915414413281747
3,finetune_scratch,old,19,1.701858452142003,0.40120481927710844,1.7503969624113584,0.3830171635049684,0.33381805657187613
3,finetune_scratch,old,20,1.6668506177074938,0.41957831325301204,1.6563482742214806,0.4010840108401084,0.3615753538667648
3,finetune_scratch,old,21,1.667196457644543,0.42018072289156627,1.6372082613563366,0.4146341463414634,0.37699586573709076
3,finetune_scratch,old,22,1.6225880961820303,0.44216867469879517,1.6692359113650164,0.3884372177055104,0.34071074901629633
3,finetune_scratch,old,23,1.6203534008508704,0.4367469879518072,1.5867075043534413,0.43179765130984643,0.3964658886410829
3,finetune_scratch,old,24,1.5928239831005235,0.44126506024096385,1.5699852777151988,0.44263775971093045,0.40706219584458747
3,finetune_scratch,old,25,1.5903586789786097,0.4469879518072289,1.5971623440529703,0.44896115627822947,0.41774776969954913
3,finetune_scratch,old,26,1.5539654774838183,0.47680722891566263,1.5027256960683615,0.46070460704607047,0.42629220223312253
3,finetune_scratch,old,27,1.5546044352542923,0.4683734939759036,1.496816291826312,0.46522131887985546,0.43146427399712695
3,finetune_scratch,old,28,1.5149905316800956,0.48704819277108435,1.4663447228873647,0.49232158988256547,0.4672577068771669
3,finetune_scratch,old,29,1.5026094350470118,0.49126506024096384,1.5058951762310535,0.46251129177958444,0.435238948042446
3,finetune_scratch,old,30,1.4425948321101176,0.5207831325301204,1.405188477782376,0.5203252032520326,0.506150277934041
3,finetune_scratch,old,31,1.409094885458429,0.5228915662650603,1.4565229794951098,0.49232158988256547,0.47327653100875355
3,finetune_scratch,old,32,1.3941620134445558,0.5343373493975904,1.3621360050092006,0.5176151761517616,0.5055593619361023
3,finetune_scratch,old,33,1.3894334546054703,0.5394578313253012,1.315954733616399,0.5248419150858176,0.5100163343354327
3,finetune_scratch,old,34,1.347659283086478,0.5551204819277108,1.3818432773247213,0.5320686540198736,0.5131525831780579
3,finetune_scratch,old,35,1.3043909805366791,0.5768072289156626,1.2858220316207183,0.5483288166214996,0.5331948937117474
3,finetune_scratch,old,36,1.2912054053272108,0.575,1.2717846249177205,0.5718157181571816,0.5621279174011924
3,finetune_scratch,old,37,1.2430982684514609,0.5933734939759037,1.2436969635070931,0.5889792231255646,0.5809768970592313
3,finetune_scratch,old,38,1.201327204129782,0.6078313253012049,1.1876761951528376,0.6133694670280037,0.6081624746891277
3,finetune_scratch,old,39,1.1848562039524675,0.6189759036144579,1.171478521963876,0.6178861788617886,0.6138392315118397
3,finetune_scratch,old,40,1.1369344751518893,0.6364457831325301,1.134780735988927,0.6323396567299007,0.6279070411293645
3,finetune_transfer,old,1,2.191395167270339,0.19397590361445782,2.095536187412293,0.2204155374887082,0.1918619100182525
3,finetune_transfer,old,2,1.9910294662038963,0.2668674698795181,2.0036139399917037,0.27732610659439927,0.2545352556238263
3,finetune_transfer,old,3,1.903104857651584,0.3108433734939759,1.9089208816555887,0.3071364046973803,0.2965214544564133
3,finetune_transfer,old,4,1.8335423259850008,0.33313253012048194,1.8377732055727813,0.34417344173441733,0.3336146131626628
3,finetune_transfer,old,5,1.7480871852621975,0.37198795180722893,1.8126508934387993,0.3721770551038844,0.35739946788924876
3,finetune_transfer,old,6,1.6836925406053842,0.40843373493975904,1.753196013759899,0.3893405600722674,0.380438380601011
3,finetune_transfer,old,7,1.6190488059836698,0.44216867469879517,1.699480295396648,0.4281842818428184,0.4204216736346621
3,finetune_transfer,old,8,1.5571738745792802,0.4680722891566265,1.616484238741736,0.45257452574525747,0.44954069334108543
3,finetune_transfer,old,9,1.4868328068629806,0.49126506024096384,1.57825170945992,0.46612466124661245,0.45351540688667064
3,finetune_transfer,old,10,1.467982677953789,0.5096385542168674,1.5946260318092753,0.4760614272809395,0.4670761731827837
3,finetune_transfer,old,11,1.4169395182506148,0.5150602409638554,1.4897414052820248,0.5040650406504065,0.49461736199055456
3,finetune_transfer,old,12,1.3850778533751706,0.5352409638554216,1.4934959351316486,0.5031616982836495,0.49581755331425387
3,finetune_transfer,old,13,1.3209447073649212,0.5542168674698795,1.4250078462972873,0.5284552845528455,0.5228779986789281
3,finetune_transfer,old,14,1.2855086231806192,0.5686746987951807,1.3701528665065335,0.5411020776874436,0.5360700022274633
3,finetune_transfer,old,15,1.249424692234361,0.5731927710843373,1.3727828596988667,0.5492321589882565,0.5431771385929187
3,finetune_transfer,old,16,1.227696770070547,0.5876506024096385,1.374454888117238,0.5329719963866305,0.5303287380333328
3,finetune_transfer,old,17,1.1973666702408388,0.6054216867469879,1.2974583901256296,0.5709123757904245,0.5667806822027166
3,finetune_transfer,old,18,1.1467810814639172,0.6108433734939759,1.2499897671693494,0.5898825654923215,0.5866945869059941
3,finetune_transfer,old,19,1.153392622557031,0.6186746987951808,1.2431966690943923,0.5953026196928636,0.5909831689464287
3,finetune_transfer,old,20,1.1066402403705091,0.6340361445783133,1.24047362933637,0.5916892502258356,0.5875440560514475
3,finetune_transfer,old,21,1.1231851765908392,0.6367469879518072,1.2053774420808,0.6061427280939476,0.6025301485179618
3,finetune_transfer,old,22,1.1058076335723142,0.636144578313253,1.2144084363341223,0.6142728093947606,0.612646197695807
3,finetune_transfer,old,23,1.055359662010009,0.6503012048192771,1.2101980089172115,0.6079494128274616,0.6049067833077526
3,finetune_transfer,old,24,1.0306707988302393,0.6602409638554216,1.1101235292360603,0.6431797651309846,0.6407529211057987
3,finetune_transfer,old,25,1.0129772177661758,0.6731927710843374,1.1522908878412566,0.6214995483288166,0.6220410157192199
3,finetune_transfer,old,26,0.9797576842537845,0.691566265060241,1.138266198034209,0.6242095754290876,0.6222816238025156
3,finetune_transfer,old,27,0.9578153457986303,0.6849397590361446,1.0978823702079064,0.6504065040650406,0.6503041211673393
3,finetune_transfer,old,28,0.9218079966234873,0.7012048192771084,1.0975065943671436,0.6485998193315267,0.6462810356321773
3,finetune_transfer,old,29,0.9166568127023168,0.7081325301204819,1.1267572998892863,0.6458897922312556,0.6453403151920684
3,finetune_transfer,old,30,0.9073178650384925,0.7066265060240964,1.0911063130308942,0.6594399277326106,0.6583780996143814
3,finetune_transfer,old,31,0.87805430415165,0.7189759036144578,1.043391842452276,0.6829268292682927,0.6816056476220465
3,finetune_transfer,old,32,0.8497175828520074,0.7316265060240964,1.0664193536530988,0.6657633242999097,0.6644538527430115
3,finetune_transfer,old,33,0.8278056844171271,0.7358433734939759,1.002988788009013,0.6937669376693767,0.6921941872492551
3,finetune_transfer,old,34,0.8309388788349658,0.7355421686746988,0.9997227732512793,0.6946702800361337,0.6940359794859426
3,finetune_transfer,old,35,0.7936334298317691,0.7515060240963856,1.0317556729377015,0.6829268292682927,0.6817688867993306
3,finetune_transfer,old,36,0.8343214968600905,0.7352409638554217,1.0214480150359755,0.6856368563685636,0.6835893895717423
3,finetune_transfer,old,37,0.764920993885362,0.7548192771084338,1.1292624363731238,0.6684733514001807,0.6663960827096129
3,finetune_transfer,old,38,0.7800224977803517,0.7542168674698795,1.0112460896897768,0.6964769647696477,0.6949864630317137
3,finetune_transfer,old,39,0.768991808144443,0.7581325301204819,0.9839504644368937,0.7127371273712737,0.7114645315341759
3,finetune_transfer,old,40,0.7395467344536839,0.7695783132530121,1.0261225485004815,0.6973803071364046,0.6960151492782153
3,finetune_transfer,old,41,0.782121980621154,0.7536144578313253,1.0333411342514025,0.6865401987353207,0.6860310631176766
3,finetune_transfer,old,42,0.6802957655435585,0.7894578313253012,1.0155406021382642,0.6964769647696477,0.6956569214615778
3,finetune_transfer,old,43,0.7110169425068131,0.7819277108433735,1.0312826846673238,0.6928635953026197,0.6900874961855586
3,finetune_transfer,old,44,0.7080940420369067,0.7768072289156627,0.9591218125960153,0.7109304426377597,0.7099479020950216
3,finetune_transfer,old,45,0.7048944242029305,0.7822289156626506,0.935119358127787,0.7217705510388437,0.7214059829252066
3,pretrain,nm,1,2.3087962019270747,0.11190306486101212,2.312360489709037,0.12,0.05396541412286031
3,pretrain,nm,2,2.2910209839517925,0.11926823473509147,2.2886754376547676,0.12214285714285714,0.0857035958143265
3,pretrain,nm,3,2.2802261542639504,0.13304822998336896,2.3060372120993478,0.1357142857142857,0.07513905335201776
3,pretrain,nm,4,2.2791396418272614,0.13257305773342837,2.3073858206612723,0.11928571428571429,0.06120838449449937
3,pretrain,nm,5,2.2737687274151615,0.14540270848182466,2.2722634383610316,0.14,0.10332878039165397
3,pretrain,nm,6,2.27033153031155,0.14564029460679495,2.2748877375466483,0.15071428571428572,0.1072025930045238
3,pretrain,nm,7,2.2664342080082513,0.14445236398194344,2.258745677130563,0.17642857142857143,0.13501401363435003
3,pretrain,nm,8,2.257157544224187,0.1522927061059634,2.254053441456386,0.14357142857142857,0.10544060873978314
3,pretrain,nm,9,2.256058995982592,0.15894511760513186,2.2509916945866175,0.1742857142857143,0.11416564483901684
3,pretrain,nm,10,2.242208052315942,0.16749821810406273,2.2307762908935547,0.16785714285714284,0.11850628405180146
3,pretrain,nm,11,2.22828360061573,0.1770016631028748,2.234290222440447,0.18785714285714286,0.11998271111370992
3,pretrain,nm,12,2.2070421264527895,0.18389166072701355,2.2009228760855537,0.18357142857142858,0.14943320120371684
3,pretrain,nm,13,2.1884457526905967,0.19600855310049894,2.1736777196611676,0.20142857142857143,0.1542677975592211
3,pretrain,nm,14,2.167214825816663,0.19957234497505347,2.190752237864903,0.20285714285714285,0.15943328912404306
3,pretrain,nm,15,2.1488857475474714,0.20907578997386553,2.122262349809919,0.22642857142857142,0.19412387925004912
3,pretrain,nm,16,2.1186480213440806,0.230696127346163,2.1276474939073835,0.21071428571428572,0.17957275918373003
3,pretrain,nm,17,2.0965288045656147,0.22832026609645997,2.110434762409755,0.23285714285714285,0.20202663794976297
3,pretrain,nm,18,2.0713997850737567,0.23616060822047993,2.122276007788522,0.2357142857142857,0.19801550484300579
3,pretrain,nm,19,2.061495503554522,0.23758612497030174,2.085841056278774,0.2507142857142857,0.22695074730752732
3,pretrain,nm,20,2.033275230448046,0.2580185317177477,2.0650957420894076,0.25285714285714284,0.222444492865331
3,pretrain,nm,21,2.0133411713240124,0.2689474934663816,2.052358875274658,0.2742857142857143,0.24591132223165615
3,pretrain,nm,22,1.9796684132134386,0.2758374910905203,2.0563769926343647,0.2757142857142857,0.24523505622800673
3,pretrain,nm,23,1.9626741819411169,0.28652886671418387,2.064734819957188,0.2792857142857143,0.263710121347272
3,pretrain,nm,24,1.9377304746351833,0.2924685198384414,2.0641794068472725,0.2814285714285714,0.26505534793642965
3,pretrain,nm,25,1.9166794751652858,0.30315989546210503,2.0379715960366385,0.2892857142857143,0.2688254010176642
3,pretrain,nm,26,1.9183552571616396,0.31123782371109526,2.0220840399605886,0.3,0.2703457509919457
3,pretrain,nm,27,1.9094236828873576,0.3038726538370159,2.022304266520909,0.305,0.28927248480972595
3,pretrain,nm,28,1.884541700474863,0.32335471608458066,1.999490703855242,0.31785714285714284,0.30379697167794306
3,pretrain,nm,29,1.8609085862442274,0.3188405797101449,2.025646047592163,0.30714285714285716,0.2921733662620557
3,pretrain,nm,30,1.8608367568836497,0.32192919933475883,1.9823757948194232,0.32285714285714284,0.3158971606601918
3,pretrain,nm,31,1.8342447636047603,0.3402233309574721,1.9820601722172329,0.31857142857142856,0.298909743263784
3,pretrain,nm,32,1.8031105615373857,0.35186505108101684,2.02248455456325,0.3221428571428571,0.31000496921571447
3,pretrain,nm,33,1.802817958781713,0.35043953433119507,2.009845324925014,0.31214285714285717,0.2986061453902068
3,pretrain,nm,34,1.7915998837477125,0.35138987883107625,1.9886946991511754,0.3264285714285714,0.3121004708898366
3,pretrain,nm,35,1.7868452159093546,0.3573295319553338,1.978855529512678,0.3335714285714286,0.3245139535494338
3,pretrain,nm,36,1.7692481956563502,0.36564504632929434,2.0059812450408936,0.33071428571428574,0.3206921852383646
3,pretrain,nm,37,1.7604446885251013,0.36065573770491804,2.0235035187857493,0.3171428571428571,0.30952391612387925
3,pretrain,nm,38,1.7650618212159044,0.36754573532905677,1.9812857573372977,0.3385714285714286,0.3279134674951267
3,pretrain,nm,39,1.7156081775441876,0.39059158945117606,1.9906692082541328,0.33214285714285713,0.32155369632665504
3,pretrain,nm,40,1.7205040355169396,0.3815633167023046,1.9893385287693568,0.3464285714285714,0.33433171722926597
3,pretrain,nm,41,1.6948684992374448,0.3908291755761463,2.060539823259626,0.33785714285714286,0.3261401881643059
3,pretrain,nm,42,1.6923837950915614,0.39011641720123547,1.9867091464996338,0.3607142857142857,0.3523460507601707
3,pretrain,nm,43,1.6744578065371452,0.3981943454502257,1.9880946377345494,0.3407142857142857,0.326518695926693
3,pretrain,nm,44,1.670039851893776,0.41007365169874077,1.9911706965310232,0.35214285714285715,0.3449001423593117
3,pretrain,nm,45,1.6534022200444611,0.40674744594915657,2.043264320918492,0.3464285714285714,0.3368663992771107
4,finetune_scratch,hcmyo,1,2.236971956253052,0.16627777777777777,2.209120832404753,0.18375854593963648,0.12871650634350149
4,finetune_scratch,hcmyo,2,2.1336813337537976,0.2316111111111111,2.1871981412067956,0.21327330331832584,0.16976423901752818
4,finetune_scratch,hcmyo,3,2.0856696944766573,0.24994444444444444,2.079580472591859,0.26529931632482906,0.22954541321363703
4,finetune_scratch,hcmyo,4,2.060423799832662,0.26033333333333336,2.029822857097246,0.2768050692012673,0.23235759858181085
4,finetune_scratch,hcmyo,5,2.006948534647624,0.27794444444444444,1.9571794799830449,0.29314657328664334,0.2568004882004476
4,finetune_scratch,hcmyo,6,1.9624013943142362,0.2982222222222222,1.875828721164683,0.327997331999333,0.30783902793695245
4,finetune_scratch,hcmyo,7,1.9035867580837673,0.3243888888888889,1.828911434437248,0.35617808904452225,0.3464894784920812
4,finetune_scratch,hcmyo,8,1.856556867175632,0.34494444444444444,1.7832672294028624,0.38185759546439885,0.3784615595325306
4,finetune_scratch,hcmyo,9,1.7970713680055406,0.36727777777777776,1.723926050575133,0.40220110055027514,0.39070871763451975
4,finetune_scratch,hcmyo,10,1.7491855796178182,0.3842777777777778,1.6472294751119272,0.4335501083875271,0.429467956848239
4,finetune_scratch,hcmyo,11,1.6949033249749077,0.411,1.6135754430812856,0.4450558612639653,0.4382802633288125
4,finetune_scratch,hcmyo,12,1.644393105506897,0.4293888888888889,1.5806529830202611,0.4575621143905286,0.45203854788154085
4,finetune_scratch,hcmyo,13,1.6017246730592516,0.44716666666666666,1.5419096739983507,0.4699016174754044,0.46571528853903166
4,finetune_scratch,hcmyo,14,1.54291183980306,0.4702222222222222,1.4746575398565989,0.503751875937969,0.49582835920666746
4,finetune_scratch,hcmyo,15,1.4859878293143378,0.48433333333333334,1.415689578478945,0.5175921293980323,0.5081300212937998
4,finetune_scratch,hcmyo,16,1.4617912126117283,0.4938888888888889,1.3783337444250874,0.5352676338169085,0.529484224462685
4,finetune_scratch,hcmyo,17,1.3894557029936048,0.5248333333333334,1.2771449143019482,0.5704518926129731,0.5675353961103605
4,finetune_scratch,hcmyo,18,1.3557507625155978,0.5382222222222223,1.2287122623233053,0.5949641487410372,0.5912182580564496
4,finetune_scratch,hcmyo,19,1.311939048661126,0.5512777777777778,1.2129225400073818,0.5931298982824745,0.5896554820608354
4,finetune_scratch,hcmyo,20,1.2600666554239062,0.5681666666666667,1.144888741902079,0.6104719026179757,0.6074057989419681
4,finetune_scratch,hcmyo,21,1.2314663022359211,0.5798333333333333,1.173075874924799,0.6114724028681007,0.6094888922439854
4,finetune_scratch,hcmyo,22,1.1900014618767631,0.5931666666666666,1.0824216596579699,0.6329831582457895,0.630668544974782
4,finetune_scratch,hcmyo,23,1.1311822180218167,0.6129444444444444,1.073263703246146,0.6461564115391029,0.6448872897817706
4,finetune_scratch,hcmyo,24,1.0988922165764703,0.6251111111111111,1.038790150261808,0.663498415874604,0.6616308675037286
4,finetune_scratch,hcmyo,25,1.0896693824132284,0.629,1.0370315772549439,0.6588294147073537,0.656871203072007
4,finetune_scratch,hcmyo,26,1.0728632831573486,0.6316111111111111,0.9818869390963951,0.6813406703351675,0.6820341498840066
4,finetune_scratch,hcmyo,27,1.0332431026034885,0.6473333333333333,0.9519195087118627,0.6925129231282308,0.6926467582969685
4,finetune_scratch,hcmyo,28,1.022681616359287,0.6540555555555555,0.9836856893286897,0.6825079206269802,0.6816445317304316
4,finetune_scratch,hcmyo,29,0.9528022531933255,0.6743888888888889,0.9550666566966115,0.6900116725029182,0.6890861831000853
4,finetune_scratch,hcmyo,30,0.9383833405176798,0.6781666666666667,0.9478961414539041,0.7005169251292312,0.6985328375698628
4,finetune_scratch,hcmyo,31,0.9542421881357829,0.6755555555555556,0.9234736764706312,0.7073536768384192,0.706475977129333
4,finetune_scratch,hcmyo,32,0.9410920167499118,0.6762777777777778,0.8907612970874411,0.712189428047357,0.7121920776460005
4,finetune_scratch,hcmyo,33,0.9237445281346639,0.6813333333333333,0.8960430698532332,0.7143571785892946,0.7143078933469436
4,finetune_scratch,hcmyo,34,0.8979667207929823,0.6926666666666667,0.8113700175496048,0.7415374353843589,0.7411392890979509
4,finetune_scratch,hcmyo,35,0.8838831584718493,0.6948888888888889,0.8063692716393687,0.7417041854260463,0.7418820078804946
4,finetune_scratch,hcmyo,36,0.8687987820837233,0.7035555555555556,0.8659399693183587,0.7328664332166083,0.7324292545382927
4,finetune_scratch,hcmyo,37,0.8539032486809625,0.7081666666666667,0.8105254922908843,0.7458729364682342,0.7446590367382343
4,finetune_scratch,hcmyo,38,0.7939104311466217,0.7312777777777778,0.8101752543073705,0.7453726863431716,0.7446298183901555
4,finetune_scratch,hcmyo,39,0.8282659409311083,0.7150555555555556,0.7363808700267883,0.7728864432216108,0.7725845288713533
4,finetune_scratch,hcmyo,40,0.8066284789244333,0.7262777777777778,0.7489256211096036,0.7647156911789228,0.7645590337684884
4,finetune_transfer,hcmyo,1,2.25336560704973,0.1661111111111111,2.2257192220532023,0.19109554777388693,0.15884798477065482
4,finetune_transfer,hcmyo,2,2.1165223893059624,0.2255,2.072703860313749,0.2572953143238286,0.24988872388818847
4,finetune_transfer,hcmyo,3,2.0386545390023127,0.27011111111111114,2.0211130568479048,0.29548107387026845,0.2869187216209363
4,finetune_transfer,hcmyo,4,1.9395005244149102,0.3068888888888889,1.9025020443421117,0.3401700850425213,0.32657263982383244
4,finetune_transfer,hcmyo,5,1.8591387357711793,0.3493888888888889,1.9466963550369403,0.35434383858595964,0.33384727409982634
4,finetune_transfer,hcmyo,6,1.7570198413001166,0.3943333333333333,1.7461793251945632,0.41654160413540103,0.40809410053111445
4,finetune_transfer,hcmyo,7,1.6687316462198893,0.4287222222222222,1.6119610157851003,0.4610638652659663,0.4577882208589908
4,finetune_transfer,hcmyo,8,1.5704102527830335,0.46244444444444444,1.4925116693077036,0.49708187427046857,0.49217658810524556
4,finetune_transfer,hcmyo,9,1.4959313966963026,0.4875555555555556,1.4833762156023111,0.5012506253126563,0.49608252147693455
4,finetune_transfer,hcmyo,10,1.4186883924272324,0.5128333333333334,1.3745873061362677,0.5372686343171585,0.5317581298646663
4,finetune_transfer,hcmyo,11,1.3287428120507134,0.5431111111111111,1.2731252101951784,0.5719526429881607,0.569267163233785
4,finetune_transfer,hcmyo,12,1.3087892066107856,0.5502777777777778,1.1982319963083716,0.599799899949975,0.5958245278661928
4,finetune_transfer,hcmyo,13,1.263115574889713,0.5662222222222222,1.1901741484930182,0.6016341504085376,0.5994152716247763
4,finetune_transfer,hcmyo,14,1.213858540111118,0.5840555555555556,1.180593685441282,0.6111389027847257,0.6121624978662747
4,finetune_transfer,hcmyo,15,1.1550006075965034,0.6036666666666667,1.0788672995384443,0.64098716024679,0.6406350755662453
4,finetune_transfer,hcmyo,16,1.1434856099022759,0.6093888888888889,1.045989599583923,0.6521594130398533,0.6492546602879288
4,finetune_transfer,hcmyo,17,1.0863202252917818,0.6303888888888889,1.0465146863144479,0.6596631649157912,0.6574458224979158
4,finetune_transfer,hcmyo,18,1.0724712119632298,0.6363333333333333,1.0277164513088375,0.6656661664165416,0.6635793393432696
4,finetune_transfer,hcmyo,19,1.0369502421485053,0.6479444444444444,0.97820233459351,0.6806736701684175,0.6783842571356583
4,finetune_transfer,hcmyo,20,1.0235908088684083,0.6538333333333334,0.9485211894649137,0.6903451725862931,0.6877069809056237
4,finetune_transfer,hcmyo,21,0.989300923453437,0.6621666666666667,1.0257090488130378,0.6706686676671669,0.6679105006220946
4,finetune_transfer,hcmyo,22,0.9763363121880425,0.6683333333333333,0.9323698572214393,0.697515424378856,0.6960427795239361
4,finetune_transfer,hcmyo,23,0.9359709831873576,0.6807777777777778,0.8862672609419788,0.7140236785059196,0.7122079648615267
4,finetune_transfer,hcmyo,24,0.9208301205635071,0.6883333333333334,0.9336130230431161,0.703018175754544,0.7010552553018355
4,finetune_transfer,hcmyo,25,0.9190500817298889,0.6875555555555556,0.8542753470198441,0.7248624312156078,0.723595708565521
4,finetune_transfer,hcmyo,26,0.8816794729762607,0.7025555555555556,0.8621448635090903,0.7221944305486077,0.7202429611242666
4,finetune_transfer,hcmyo,27,0.8686782824198405,0.7028333333333333,0.8788004699589432,0.7195264298816074,0.7192744724237642
4,finetune_transfer,hcmyo,28,0.8342640634112888,0.7161111111111111,0.8485877372825148,0.7301984325496081,0.728550769716846
4,finetune_transfer,hcmyo,29,0.8558234519958496,0.7086111111111111,0.8130424511378976,0.7418709354677339,0.7393286365169134
4,finetune_transfer,hcmyo,30,0.815740045759413,0.7257222222222223,0.7946434768886791,0.7512089378022344,0.7492258736452709
4,finetune_transfer,hcmyo,31,0.7984327552583482,0.7291666666666666,0.8147427343951477,0.7410371852592963,0.7409380217765222
4,finetune_transfer,hcmyo,32,0.7931735224458907,0.7267777777777777,0.8519273674824008,0.7385359346339837,0.7366981864846529
4,finetune_transfer,hcmyo,33,0.7761923885875278,0.7352777777777778,0.7841605700630734,0.7545439386359847,0.7535555646855372
4,finetune_transfer,hcmyo,34,0.7645423129796982,0.7352777777777778,0.717986175752847,0.7735534433883609,0.7714798038878752
4,finetune_transfer,hcmyo,35,0.7808593474494087,0.7338888888888889,0.7421329489037735,0.7643821910955477,0.7621050622640333
4,finetune_transfer,hcmyo,36,0.7319930890666114,0.7507777777777778,0.7304163199897724,0.7668834417208604,0.7658289295958883
4,finetune_transfer,hcmyo,37,0.7494901906119452,0.7438888888888889,0.7299209852899057,0.7732199433049858,0.7713275503804753
4,finetune_transfer,hcmyo,38,0.7256490599314371,0.7526111111111111,0.7184144101511424,0.776221444055361,0.7749829156560347
4,finetune_transfer,hcmyo,39,0.7252220735549927,0.7536111111111111,0.6965507406661247,0.7848924462231116,0.7840311198933101
4,finetune_transfer,hcmyo,40,0.696830112139384,0.7648333333333334,0.6899883970829453,0.7835584458896114,0.7834508252534329
4,finetune_transfer,hcmyo,41,0.7181348879602221,0.7532777777777778,0.7210312946619581,0.7753876938469234,0.7730043068764033
4,finetune_transfer,hcmyo,42,0.6697861017651028,0.7722777777777777,0.6952282569324729,0.7855594463898616,0.7841990840967161
4,finetune_transfer,hcmyo,43,0.676650883462694,0.7685,0.6815079639897021,0.7895614473903618,0.7887000883642756
4,finetune_transfer,hcmyo,44,0.6656554036140442,0.7705555555555555,0.6776552640146388,0.7873936968484242,0.7853121268812238
4,finetune_transfer,hcmyo,45,0.632423979414834,0.7823333333333333,0.6769916822965173,0.793229948307487,0.7922810678424463
4,pretrain,nm,1,2.3014384629636346,0.11023996198622,2.288748963219779,0.13428571428571429,0.0866117415949833
4,pretrain,nm,2,2.282970883212426,0.13304822998336896,2.29320230620248,0.13214285714285715,0.07614947331120486
4,pretrain,nm,3,2.2764197810298334,0.1385127108576859,2.2756633499690464,0.135,0.09410242373052223
4,pretrain,nm,4,2.2750118591066606,0.14255167498218105,2.299667786189488,0.12785714285714286,0.08481142141427152
4,pretrain,nm,5,2.269244174714835,0.13779995248277502,2.2629848180498398,0.13785714285714284,0.08903448892934036
4,pretrain,nm,6,2.253116479591792,0.15300546448087432,2.2378741468702046,0.18142857142857144,0.14568862714670258
4,pretrain,nm,7,2.244550334044946,0.15846994535519127,2.2219561767578124,0.18142857142857144,0.15364779371148665
4,pretrain,nm,8,2.2376052139207,0.17058683772867664,2.247308026722499,0.16357142857142856,0.10461769398336036
4,pretrain,nm,9,2.22005034546638,0.17628890472796388,2.218348082133702,0.18214285714285713,0.15015825879843153
4,pretrain,nm,10,2.19505826405602,0.1912568306010929,2.1964525849478584,0.21357142857142858,0.18043746356765972
4,pretrain,nm,11,2.17684023571173,0.20171062009978616,2.1426295948028566,0.21357142857142858,0.1658219513167057
4,pretrain,nm,12,2.1597041933631127,0.2028985507246377,2.133104669025966,0.21571428571428572,0.18934923012338284
4,pretrain,nm,13,2.126784367073061,0.21097647897362795,2.100793647766113,0.24285714285714285,0.22231463648986122
4,pretrain,nm,14,2.095573946738022,0.23117129959610358,2.115414706638881,0.23357142857142857,0.20505930808248563
4,pretrain,nm,15,2.08965535157082,0.2344975053456878,2.0645865399496897,0.2392857142857143,0.209123803177643
4,pretrain,nm,16,2.0564662105087206,0.2468519838441435,2.0999240956987655,0.255,0.2280563445920223
4,pretrain,nm,17,2.0434634849220252,0.2511285340936089,2.0492705277034213,0.2642857142857143,0.24618920103428757
4,pretrain,nm,18,2.024245378664651,0.2601568068424804,2.081132480076381,0.24285714285714285,0.21586760840814026
4,pretrain,nm,19,2.000785840296864,0.2594440484675695,2.0619703224727086,0.25285714285714284,0.22399841451890884
4,pretrain,nm,20,1.9953044396054012,0.2736992159657876,2.060339454923357,0.24714285714285714,0.22871891464659994
4,pretrain,nm,21,1.9738241478563572,0.2751247327156094,2.0531398596082413,0.26857142857142857,0.24574971678854868
4,pretrain,nm,22,1.9735544596808232,0.2798764552150154,2.039007878984724,0.265,0.23880486892654215
4,pretrain,nm,23,1.9423449077694568,0.2851033499643621,2.0201237882886613,0.27214285714285713,0.2501270022079201
4,pretrain,nm,24,1.9383382242687186,0.2851033499643621,2.0291637706756593,0.27071428571428574,0.2503133761630485
4,pretrain,nm,25,1.921106118492005,0.300784034212402,2.0298263740539553,0.28285714285714286,0.2588697192696656
4,pretrain,nm,26,1.912365591817753,0.30030886196246137,2.0200326715196883,0.28714285714285714,0.2688024338937363
4,pretrain,nm,27,1.8933845326520395,0.3178902352102637,2.0250351578848704,0.2892857142857143,0.2800303992664249
4,pretrain,nm,28,1.8869182567580576,0.31171299596103585,1.9997412858690535,0.29642857142857143,0.27738149020592096
4,pretrain,nm,29,1.876598270524565,0.3164647184604419,2.0392321177891324,0.2907142857142857,0.2763069144245989
4,pretrain,nm,30,1.8664713214032298,0.3207412687099073,2.01251131602696,0.29928571428571427,0.28915027256087117
4,pretrain,nm,31,1.8382845850788405,0.32454264670943217,2.0128412873404367,0.30357142857142855,0.29305979087563366
4,pretrain,nm,32,1.8545599275202898,0.3302447137087194,1.9943358298710414,0.31142857142857144,0.3004393346812797
4,pretrain,nm,33,1.8255934027318124,0.3421240199572345,2.0189055728912355,0.30357142857142855,0.2912417478527554
4,pretrain,nm,34,1.8247216977878262,0.340936089332383,2.0050501673562184,0.3142857142857143,0.3022519256430008
4,pretrain,nm,35,1.7943557243387953,0.35138987883107625,2.0073987824576243,0.3078571428571429,0.3004300793996687
4,pretrain,nm,36,1.7915157352725297,0.3597053932050368,2.0552083424159457,0.3028571428571429,0.286942334587826
4,pretrain,nm,37,1.792130666012491,0.34925160370634356,1.977274352482387,0.32285714285714284,0.3129326322598057
4,pretrain,nm,38,1.7805634536208437,0.3570919458303635,2.033838584082467,0.3107142857142857,0.2992005686296511
4,pretrain,nm,39,1.762510029712803,0.36588263245426467,2.01378390448434,0.325,0.3101681597688998
4,pretrain,nm,40,1.7427097187667597,0.37277263007840344,1.9739882005964007,0.3264285714285714,0.3181983163634139
4,pretrain,nm,41,1.7296256970611539,0.37681159420289856,1.9661757155827113,0.3435714285714286,0.34161116847930834
4,pretrain,nm,42,1.717107972189037,0.3875029698265621,1.951344851085118,0.3514285714285714,0.3412152627441935
4,pretrain,nm,43,1.7064769067796004,0.3848895224518888,1.9815114525386266,0.33714285714285713,0.3317376991454615
4,pretrain,nm,44,1.708225167542519,0.383464005702067,1.9686418424333845,0.3407142857142857,0.32888529927643795
4,pretrain,nm,45,1.69967673784425,0.3839391779520076,1.9453481360844203,0.3492857142857143,0.33756650082192835
5,finetune_scratch,old,1,2.289074441611049,0.1466867469879518,2.2152075851512794,0.1942186088527552,0.1321536178501066
5,finetune_scratch,old,2,2.1652152228068156,0.22289156626506024,2.0779328591778348,0.24299909665763325,0.16253788293316426
5,finetune_scratch,old,3,2.065205614825329,0.25662650602409637,2.037287919501948,0.23938572719060525,0.17259178735504663
5,finetune_scratch,old,4,1.9959943377828024,0.2719879518072289,1.9829039175228267,0.2845528455284553,0.22140262099731917
5,finetune_scratch,old,5,1.9494596320462514,0.2900602409638554,1.921504167360342,0.2981029810298103,0.24807367214380954
5,finetune_scratch,old,6,1.9238945814500372,0.3033132530120482,1.8895503387003194,0.28906955736224027,0.23878532748252174
5,finetune_scratch,old,7,1.886232504499964,0.30753012048192774,1.841554139687763,0.3288166214995483,0.2846569739457449
5,finetune_scratch,old,8,1.8553657692599008,0.31867469879518073,1.8330297562703424,0.3297199638663053,0.2988949708415471
5,finetune_scratch,old,9,1.8121864890477744,0.336144578313253,1.7677209460207657,0.33785004516711836,0.3034640127611589
5,finetune_scratch,old,10,1.8114836373961116,0.33795180722891566,1.7490055669829343,0.36133694670280037,0.3201424000356249
5,finetune_scratch,old,11,1.7567121554570027,0.35993975903614456,1.7180478899136469,0.36675700090334235,0.3279591626597936
5,finetune_scratch,old,12,1.7476965685924852,0.3605421686746988,1.7223054800576312,0.3748870822041554,0.34839907907037226
5,finetune_scratch,old,13,1.7255490573055774,0.3716867469879518,1.7406713645955734,0.36585365853658536,0.3312701888077204
5,finetune_scratch,old,14,1.6968440409166268,0.39036144578313253,1.6462219698319267,0.4065040650406504,0.37898014293995674
5,finetune_scratch,old,15,1.667614760456315,0.4006024096385542,1.6637588684474873,0.3947606142728094,0.35398876857257244
5,finetune_scratch,old,16,1.6333445876477712,0.413855421686747,1.5693773613820339,0.4245709123757904,0.4083775997159826
5,finetune_scratch,old,17,1.6389187091804414,0.4114457831325301,1.556000699518819,0.4327009936766034,0.4098899194507464
5,finetune_scratch,old,18,1.6066987790257097,0.43343373493975906,1.6216904974888333,0.4164408310749774,0.3883901631035244
5,finetune_scratch,old,19,1.6109328603170003,0.43012048192771085,1.5517169294210846,0.44173441734417346,0.4198170742907819
5,finetune_scratch,old,20,1.5724946855062463,0.44487951807228915,1.5228354861958133,0.4561878952122855,0.43304382195128815
5,finetune_scratch,old,21,1.5590597092387188,0.46295180722891566,1.500562446550302,0.45438121047877145,0.4368356884333551
5,finetune_scratch,old,22,1.5418754729879909,0.46626506024096387,1.4922656310821505,0.4760614272809395,0.4587835063876414
5,finetune_scratch,old,23,1.5214427304555134,0.4743975903614458,1.477788082306301,0.4869015356820235,0.4651671361921091
5,finetune_scratch,old,24,1.4977386721645494,0.49578313253012046,1.4302967289275916,0.4932249322493225,0.4785788395270497
5,finetune_scratch,old,25,1.4692158805318625,0.5003012048192771,1.4242670808488869,0.5004516711833785,0.4912106827335612
5,finetune_scratch,old,26,1.4497756621923792,0.49427710843373496,1.3736680167800366,0.5176151761517616,0.5065992474811954
5,finetune_scratch,old,27,1.3732042519443006,0.5298192771084337,1.322332724107744,0.5401987353206865,0.5356701429309892
5,finetune_scratch,old,28,1.4266312309058315,0.5120481927710844,1.3286839950806189,0.5383920505871725,0.5266647233620129
5,finetune_scratch,old,29,1.3996106478105108,0.522289156626506,1.273886694386938,0.5420054200542005,0.5331000840408743
5,finetune_scratch,old,30,1.3853309631347657,0.5346385542168675,1.2972586892592337,0.5411020776874436,0.5379632351147374
5,finetune_scratch,old,31,1.3506411133042302,0.5328313253012048,1.2643966268825444,0.5564588979223125,0.5506982322122664
5,finetune_scratch,old,32,1.3253927808210073,0.5463855421686747,1.230901885700312,0.5582655826558266,0.5556546592691191
5,finetune_scratch,old,33,1.2817037326743803,0.5629518072289157,1.1976268459464798,0.5862691960252936,0.5819160203579762
5,finetune_scratch,old,34,1.2352678419595742,0.5849397590361446,1.224249680083188,0.5862691960252936,0.5841427759074429
5,finetune_scratch,old,35,1.1920693785311227,0.5978915662650602,1.1601812949348596,0.6070460704607046,0.6022073243369872
5,finetune_scratch,old,36,1.188286693124886,0.6,1.1413233329717813,0.6043360433604336,0.6028938501685308
5,finetune_scratch,old,37,1.1292034919003406,0.6222891566265061,1.0828291100215137,0.6332429990966576,0.6327494086161248
5,finetune_scratch,old,38,1.130210720774639,0.630421686746988,1.1017256962251534,0.6214995483288166,0.6188471346141491
5,finetune_scratch,old,39,1.1039571543773974,0.6364457831325301,1.1026749644283786,0.6151761517615176,0.6134525013230763
5,finetune_scratch,old,40,1.0920767387711858,0.6469879518072289,1.1062767441033672,0.6359530261969286,0.6302454140535464
5,finetune_transfer,old,1,3.0282444632197003,0.13825301204819276,2.2485178875944696,0.1897018970189702,0.171657120817007
5,finetune_transfer,old,2,2.1581207074314714,0.22710843373493975,2.063082236692296,0.24661246612466126,0.23749170530072225
5,finetune_transfer,old,3,2.035297780439078,0.27590361445783135,1.9803796996915244,0.2899728997289973,0.26651920295003456
5,finetune_transfer,old,4,1.9029299121305168,0.3225903614457831,1.8751945166083854,0.34778681120144533,0.32693527836189584
5,finetune_transfer,old,5,1.7811752155602696,0.3786144578313253,1.7448689323776783,0.4046973803071364,0.38135175339657146
5,finetune_transfer,old,6,1.7480628389910042,0.40813253012048195,1.6742314515936558,0.4281842818428184,0.4258351603441864
5,finetune_transfer,old,7,1.57747521917504,0.461144578313253,1.6455655562091542,0.45528455284552843,0.4546956371531447
5,finetune_transfer,old,8,1.4986663970602565,0.48493975903614456,1.489172910933249,0.4941282746160795,0.49855323421563985
5,finetune_transfer,old,9,1.4053561463413469,0.5286144578313253,1.4737568204211242,0.5158084914182475,0.524934429864249
5,finetune_transfer,old,10,1.3635054685983312,0.5427710843373494,1.3866911693640194,0.5483288166214996,0.5533078575506627
5,finetune_transfer,old,11,1.3382012579814497,0.5460843373493975,1.328052679751516,0.5736224028906955,0.5776003937927925
5,finetune_transfer,old,12,1.2372923968786216,0.5948795180722891,1.2685759390057372,0.5835591689250226,0.587767364665847
5,finetune_transfer,old,13,1.1696627160152757,0.608132530120482,1.2307965447478393,0.5962059620596206,0.6005389733233081
5,finetune_transfer,old,14,1.1242344028978464,0.6259036144578313,1.2123100181474487,0.6097560975609756,0.6155659630796421
5,finetune_transfer,old,15,1.036823513708919,0.6653614457831325,1.1790842386980582,0.6332429990966576,0.6387484364546767
5,finetune_transfer,old,16,0.9979022241500487,0.6740963855421687,1.1118483135263018,0.6485998193315267,0.6483084954060707
5,finetune_transfer,old,17,0.9359303867960551,0.6963855421686747,1.0686187969744474,0.6612466124661247,0.6613302802683271
5,finetune_transfer,old,18,1.038822752596384,0.6734939759036145,1.123654910327081,0.6567299006323396,0.6580703672823675
5,finetune_transfer,old,19,1.0063703815621066,0.6756024096385542,1.0339246628622591,0.6784101174345076,0.680647947139218
5,finetune_transfer,old,20,0.8840547700962388,0.713855421686747,1.0194074810897324,0.6955736224028907,0.6968211154547206
5,finetune_transfer,old,21,0.9229351600968694,0.6963855421686747,1.05908352438135,0.6702800361336947,0.672871321892037
5,finetune_transfer,old,22,0.8462662755724896,0.733132530120482,1.0154448887089296,0.6820234869015357,0.6830785308522123
5,finetune_transfer,old,23,0.8402285784123892,0.7286144578313253,0.9821755293262037,0.6964769647696477,0.7002354695490751
5,finetune_transfer,old,24,0.8081742268010794,0.7352409638554217,0.9885919988424582,0.6946702800361337,0.6975328559915169
5,finetune_transfer,old,25,0.8338122252958367,0.7340361445783132,0.9367083105129924,0.7190605239385727,0.7194058087025772
5,finetune_transfer,old,26,0.7285593936960382,0.769277108433735,0.9426842787401463,0.7127371273712737,0.712979288464353
5,finetune_transfer,old,27,0.7290805227785225,0.7644578313253012,0.8935767195735197,0.7389340560072267,0.7406711715226032
5,finetune_transfer,old,28,0.6885862935020263,0.7789156626506024,0.9119915406555341,0.7317073170731707,0.7321734195750838
5,finetune_transfer,old,29,0.6889653228851687,0.7771084337349398,0.8909507550521272,0.7443541102077688,0.7462946838115843
5,finetune_transfer,old,30,0.6948759077543236,0.7768072289156627,0.883782064338579,0.7362240289069557,0.7360171829221913
5,finetune_transfer,old,31,0.6933485090014446,0.7795180722891566,0.8541862527421712,0.7434507678410117,0.7428178682252435
5,finetune_transfer,old,32,0.6996731024190604,0.7783132530120482,0.9248520055922066,0.7443541102077688,0.7436905007315183
5,finetune_transfer,old,33,0.7306189685700888,0.7713855421686747,0.9134099819607421,0.7362240289069557,0.7375225252466062
5,finetune_transfer,old,34,0.5812764065811433,0.813855421686747,0.8654301502517245,0.7533875338753387,0.7573377902229004
5,finetune_transfer,old,35,0.6385271191596985,0.7933734939759036,0.8980877645912747,0.7434507678410117,0.7432085580707507
5,finetune_transfer,old,36,0.5223928859434932,0.8274096385542169,0.7968373753890974,0.7678410117434508,0.7697926206050807
5,finetune_transfer,old,37,0.6423589288470257,0.8015060240963855,0.9008843193559251,0.7452574525745257,0.7468693932025912
5,finetune_transfer,old,38,0.534435117029282,0.8262048192771084,0.8124405028535745,0.7714543812104788,0.7733974821832209
5,finetune_transfer,old,39,0.5389058286885181,0.8304216867469879,0.8336256316037682,0.7732610659439928,0.7754392242369379
5,finetune_transfer,old,40,0.4929311963449042,0.8367469879518072,0.7821550703899431,0.7813911472448057,0.7834642558928777
5,finetune_transfer,old,41,0.4911652641124036,0.8424698795180723,0.8143973715313944,0.7822944896115628,0.7831404461946762
5,finetune_transfer,old,42,0.5461151482111,0.8268072289156626,0.814493531618661,0.7642276422764228,0.7661544529612869
5,finetune_transfer,old,43,0.48568603317421605,0.8481927710843373,0.7600370401612465,0.7868112014453478,0.7884845727729315
5,finetune_transfer,old,44,0.5299925315810974,0.8316265060240964,0.8192636040868044,0.7868112014453478,0.7888300309571051
5,finetune_transfer,old,45,0.5208745641162597,0.8325301204819278,0.8024569512113539,0.7777777777777778,0.7788793208184381
5,pretrain,hcmyo,1,2.224745365778605,0.16616666666666666,2.1411165886567756,0.2321160580290145,0.18114726982495133
5,pretrain,hcmyo,2,2.104628003438314,0.23327777777777778,2.1313775837351843,0.23078205769551444,0.18624172034003045
5,pretrain,hcmyo,3,2.0485922453138565,0.2618333333333333,1.9972719774755892,0.2861430715357679,0.2465943982398154
5,pretrain,hcmyo,4,1.9915758664872911,0.29044444444444445,1.9912909152648122,0.2941470735367684,0.2688552214809584
5,pretrain,hcmyo,5,1.9212694766786362,0.31727777777777777,1.8597557113054137,0.34333833583458395,0.3316827071074996
5,pretrain,hcmyo,6,1.828231182522244,0.3596666666666667,1.7315868718913938,0.4000333500083375,0.3830151525590246
5,pretrain,hcmyo,7,1.7320255303912693,0.4012777777777778,1.6308521170138677,0.44172086043021513,0.43286670453753473
5,pretrain,hcmyo,8,1.6397873220443726,0.43616666666666665,1.5410113927621096,0.4675671168917792,0.45811776337613513
5,pretrain,hcmyo,9,1.5477503406736586,0.4648333333333333,1.4503910454418414,0.5087543771885943,0.5016739776863393
5,pretrain,hcmyo,10,1.466936001141866,0.49833333333333335,1.4061000371115475,0.5322661330665333,0.5259183802067668
5,pretrain,hcmyo,11,1.420621362262302,0.5129444444444444,1.358142926913809,0.5412706353176588,0.5326317287434945
5,pretrain,hcmyo,12,1.3608290844493443,0.5367777777777778,1.2955562384978958,0.5697848924462231,0.5685560577273627
5,pretrain,hcmyo,13,1.3233141157362196,0.5487222222222222,1.248404453230417,0.5861263965315991,0.5839146817833357
5,pretrain,hcmyo,14,1.2718399011823867,0.564,1.1834005202445186,0.6081374020343505,0.6054027663833917
5,pretrain,hcmyo,15,1.2384213463465372,0.5768333333333333,1.1637370803365314,0.6078039019509754,0.603837837990161
5,pretrain,hcmyo,16,1.1936577905019123,0.5908888888888889,1.136867451838241,0.632816408204102,0.6300496928508448
5,pretrain,hcmyo,17,1.1347486417558459,0.6123333333333333,1.0901441720350198,0.6344839086209771,0.6334179382565513
5,pretrain,hcmyo,18,1.1389888263278538,0.6131666666666666,1.0711092723743785,0.6483241620810405,0.647413595151756
5,pretrain,hcmyo,19,1.1191514138115777,0.6190555555555556,1.0520542540042543,0.6568284142071036,0.6559476367931361
5,pretrain,hcmyo,20,1.069377070903778,0.6372777777777778,1.0349457297093354,0.6576621644155412,0.6548762334478108
5,pretrain,hcmyo,21,1.0345776534080506,0.6460555555555556,1.002167427005103,0.6790061697515425,0.6756283434038638
5,pretrain,hcmyo,22,1.0292084035873412,0.65,1.0037804302005187,0.673336668334167,0.6711510215901354
5,pretrain,hcmyo,23,0.9971169557571411,0.6591111111111111,0.9294175062454679,0.7020176755044188,0.700675882843191
5,pretrain,hcmyo,24,0.9737139732572767,0.6685,0.9442501716490923,0.6988494247123562,0.6964937278396657
5,pretrain,hcmyo,25,0.9772014288372464,0.6643333333333333,0.9312937091902452,0.6965149241287311,0.6954076386079934
5,pretrain,hcmyo,26,0.9629540221426222,0.6666111111111112,0.8699369686373835,0.7151909287977322,0.7136517540437899
5,pretrain,hcmyo,27,0.9366957974963718,0.6778333333333333,0.869834208470574,0.7218609304652326,0.7196860348272149
5,pretrain,hcmyo,28,0.9262303851180607,0.6816666666666666,0.8332663242203088,0.7288644322161081,0.7284313928516472
5,pretrain,hcmyo,29,0.880395437558492,0.6970555555555555,0.87372747249746,0.7225279306319826,0.7213645857635319
5,pretrain,hcmyo,30,0.8620222261746724,0.7075,0.8455982883811017,0.7280306820076705,0.7279109250894231
5,pretrain,hcmyo,31,0.8525802034801907,0.7071111111111111,0.81332276269796,0.7415374353843589,0.7409762670774823
5,pretrain,hcmyo,32,0.8673837063312531,0.6999444444444445,0.855631780545871,0.7260296815074204,0.7248102924145001
5,pretrain,hcmyo,33,0.8322374900182088,0.7153888888888889,0.8832579381293071,0.7253626813406704,0.7260093308617759
5,pretrain,hcmyo,34,0.8234182673030429,0.7168333333333333,0.8089650709872168,0.742871435717859,0.7408062879519988
5,pretrain,hcmyo,35,0.7989512696795993,0.7205,0.7591598488717193,0.7620476905119227,0.7616321446628208
5,pretrain,hcmyo,36,0.7895920289357503,0.7307222222222223,0.8289508994955092,0.743538435884609,0.7430581438082106
5,pretrain,hcmyo,37,0.7434350218243069,0.7422222222222222,0.7381637305771687,0.7647156911789228,0.7638509660205459
5,pretrain,hcmyo,38,0.7810854496426053,0.7296111111111111,0.7630409085643238,0.7587126896781724,0.7584299815622286
5,pretrain,hcmyo,39,0.7777321576542324,0.7295,0.7510252529399603,0.7645489411372353,0.7637927870250809
5,pretrain,hcmyo,40,0.7328119276364644,0.746,0.7396110981548749,0.768384192096048,0.7675820963483552
5,pretrain,hcmyo,41,0.7213124151494767,0.752,0.7714513171478492,0.7585459396364849,0.7573335566702111
5,pretrain,hcmyo,42,0.7221595861646865,0.7472777777777778,0.7810277164290502,0.7622144405536101,0.7620086672947087
5,pretrain,hcmyo,43,0.7203966632948982,0.7523333333333333,0.7298822770898732,0.7770551942637985,0.7765037297761233
5,pretrain,hcmyo,44,0.7201232132381863,0.7496111111111111,0.7267816734747309,0.7787226946806737,0.7777160494712023
5,pretrain,hcmyo,45,0.6863358178668552,0.7626111111111111,0.7975185468099665,0.7600466900116725,0.7593617638893786
6,finetune_scratch,nm,1,2.31502063174122,0.11309099548586363,2.2950052288600378,0.11571428571428571,0.08011831916430538
6,finetune_scratch,nm,2,2.290914379012474,0.12116892373485388,2.294095949445452,0.12785714285714286,0.050640444197680226
6,finetune_scratch,nm,3,2.280660901678008,0.12592064623425991,2.283387928009033,0.13142857142857142,0.0716445181314127
6,finetune_scratch,nm,4,2.2754575250040583,0.1373247802328344,2.2733115904671806,0.14785714285714285,0.08736573457126982
6,finetune_scratch,nm,5,2.270870204208639,0.14065098598241862,2.2661237267085483,0.15928571428571428,0.11136666464217285
6,finetune_scratch,nm,6,2.2654447944692775,0.1508671893561416,2.2567126601082936,0.16,0.10996955280241061
6,finetune_scratch,nm,7,2.2599044739987626,0.15942028985507245,2.2427753707340785,0.1692857142857143,0.12128993815041919
6,finetune_scratch,nm,8,2.2504037401403716,0.1522927061059634,2.2441080951690675,0.16642857142857143,0.13487489493651844
6,finetune_scratch,nm,9,2.235624612666389,0.17415062960323116,2.2218506976536343,0.18785714285714286,0.13730236914674268
6,finetune_scratch,nm,10,2.2201674894245427,0.1770016631028748,2.2209589644840784,0.17857142857142858,0.12449006303703722
6,finetune_scratch,nm,11,2.2093385092349425,0.18507959135186505,2.207623281478882,0.19642857142857142,0.15543242332467547
6,finetune_scratch,nm,12,2.1961379403540064,0.1917320028510335,2.2091999558040074,0.18642857142857142,0.14129998970672258
6,finetune_scratch,nm,13,2.1846003481995666,0.19695889760038013,2.187361606870379,0.19642857142857142,0.15796671633065332
6,finetune_scratch,nm,14,2.1686116971038363,0.20337372297457829,2.189140442439488,0.19428571428571428,0.14759807849039358
6,finetune_scratch,nm,15,2.1574478033858373,0.2057495842242813,2.193398452486311,0.2042857142857143,0.164299687644668
6,finetune_scratch,nm,16,2.136084688222445,0.22047992397244,2.1620692212241037,0.21142857142857144,0.1781856703426654
6,finetune_scratch,nm,17,2.129721176372228,0.2209550962223806,2.1580784102848596,0.21714285714285714,0.1780315367941636
6,finetune_scratch,nm,18,2.1106803397946527,0.22309337134711332,2.1521516159602574,0.225,0.19450039222554646
6,finetune_scratch,nm,19,2.0951949756483645,0.2304585412211927,2.1570429870060512,0.23285714285714285,0.20585004107349603
6,finetune_scratch,nm,20,2.0900819182934063,0.2335471608458066,2.1566901343209404,0.22071428571428572,0.19406557632889954
6,finetune_scratch,nm,21,2.069449921293252,0.2459016393442623,2.116611694608416,0.24428571428571427,0.216606421826133
6,finetune_scratch,nm,22,2.052979192248884,0.24875267284390593,2.1164196382250107,0.23785714285714285,0.2120307993115152
6,finetune_scratch,nm,23,2.0416298900202294,0.25326680921834166,2.1064571298871724,0.23714285714285716,0.2061730486215098
6,finetune_scratch,nm,24,2.0162353266953685,0.2637205987170349,2.1085487338474818,0.24928571428571428,0.2222967615974636
6,finetune_scratch,nm,25,2.005593918258602,0.2727488714659064,2.1022836112976075,0.2592857142857143,0.2321772939705741
6,finetune_scratch,nm,26,1.9995269721011477,0.2694226657163222,2.0828538758414132,0.27,0.2461962299997941
6,finetune_scratch,nm,27,1.97463343077755,0.2794012829650748,2.076143800190517,0.265,0.24373816018352606
6,finetune_scratch,nm,28,1.9622333316571867,0.2843905915894512,2.059201318195888,0.27,0.261610620335106
6,finetune_scratch,nm,29,1.9392024051777736,0.2919933475885008,2.048715658187866,0.28,0.2615665282765799
6,finetune_scratch,nm,30,1.9205362784321558,0.3029223093371347,2.076120781217303,0.2764285714285714,0.24800801247614332
6,finetune_scratch,nm,31,1.9144174903949838,0.3038726538370159,2.020746654782976,0.3,0.28978152848002725
6,finetune_scratch,nm,32,1.9001561477196192,0.3136136849607983,2.0179372051783973,0.29428571428571426,0.27971929431225784
6,finetune_scratch,nm,33,1.8739261835933894,0.32145402708481824,2.0425591169084822,0.2957142857142857,0.2836991002858601
6,finetune_scratch,nm,34,1.8592885554785625,0.33475885008315515,2.001683736528669,0.3092857142857143,0.2989037412077097
6,finetune_scratch,nm,35,1.8407539904160068,0.33499643620812547,2.0131274305071147,0.30357142857142855,0.2890114283998219
6,finetune_scratch,nm,36,1.8203796794335785,0.35091470658113566,2.0629324872153147,0.29714285714285715,0.283241336662881
6,finetune_scratch,nm,37,1.8196823583926007,0.34948918983131383,2.0150084223066056,0.3271428571428571,0.31032717176621083
6,finetune_scratch,nm,38,1.8187739494209987,0.35210263720598717,1.9968781226021903,0.31142857142857144,0.2992019362139562
6,finetune_scratch,nm,39,1.8025402809214666,0.3673081492040865,1.9813934666769846,0.31142857142857144,0.30138010141841703
6,finetune_scratch,nm,40,1.7849490087427133,0.35376574008077927,1.9888616384778703,0.33071428571428574,0.32092388596340704
6,finetune_transfer,nm,1,2.8408061566446876,0.11000237586124971,2.393307491030012,0.11285714285714285,0.062054550030340105
6,finetune_transfer,nm,2,2.3074993693536863,0.13019719648372535,2.3060425499507358,0.1357142857142857,0.0866795896722904
6,finetune_transfer,nm,3,2.270408356832648,0.14872891423140888,2.2971260029929024,0.145,0.0871686809666224
6,finetune_transfer,nm,4,2.2545528760231655,0.15395580898075553,2.2372645800454274,0.16428571428571428,0.13890513329757112
6,finetune_transfer,nm,5,2.237705886944594,0.1644095984794488,2.224845345360892,0.17357142857142857,0.1412872571308122
6,finetune_transfer,nm,6,2.214233961035107,0.177952007602756,2.2185922377450127,0.16857142857142857,0.14293439994774332
6,finetune_transfer,nm,7,2.2125628428437643,0.1796151104775481,2.2024470233917235,0.18642857142857142,0.17192179856874706
6,finetune_transfer,nm,8,2.197816762314695,0.18579234972677597,2.202664056505476,0.185,0.17671143799612654
6,finetune_transfer,nm,9,2.1758206578891617,0.18983131385127108,2.196849128178188,0.19214285714285714,0.16917809918008325
6,finetune_transfer,nm,10,2.156815518277024,0.20384889522451888,2.1812827954973493,0.2,0.18462583385205983
6,finetune_transfer,nm,11,2.148825221346064,0.2071751009741031,2.1833043697902133,0.21071428571428572,0.19280712149554657
6,finetune_transfer,nm,12,2.139503879993481,0.2190544072226182,2.175011078970773,0.22142857142857142,0.2041794104327443
6,finetune_transfer,nm,13,2.10972411860817,0.23782371109527203,2.1562721266065323,0.22214285714285714,0.21445700021918515
6,finetune_transfer,nm,14,2.0902941589486885,0.23639819434545023,2.166218990598406,0.22214285714285714,0.20330047709471408
6,finetune_transfer,nm,15,2.05935262614119,0.2575433594678071,2.1255364745003837,0.24857142857142858,0.2404919117802468
6,finetune_transfer,nm,16,2.0467542403665906,0.25611784271798527,2.1397100244249616,0.24928571428571428,0.24582122691297417
6,finetune_transfer,nm,17,2.039519864494938,0.25492991209313376,2.140860370908465,0.2392857142857143,0.22781220832634036
6,finetune_transfer,nm,18,2.009173972104218,0.2656212877167973,2.1480001817430767,0.25785714285714284,0.251024672694232
6,finetune_transfer,nm,19,1.9928534389476817,0.27726300784034213,2.148193165915353,0.2571428571428571,0.25471362269063685
6,finetune_transfer,nm,20,1.9699262082930782,0.2919933475885008,2.1475722408294677,0.27285714285714285,0.2700292210271683
6,finetune_transfer,nm,21,1.9476633357389943,0.29674507008790685,2.2553589126041955,0.2507142857142857,0.24177787845653884
6,finetune_transfer,nm,22,1.9329674913470267,0.2981705868377287,2.2387182358333044,0.2785714285714286,0.2758908274514008
6,finetune_transfer,nm,23,1.9026443358412488,0.31931575196008555,2.21232994897025,0.2764285714285714,0.26857203960581943
6,finetune_transfer,nm,24,1.8858968490771426,0.32501781895937276,2.21924877847944,0.2764285714285714,0.269506690046441
6,finetune_transfer,nm,25,1.8795397610187417,0.32549299120931335,2.185841986792428,0.2885714285714286,0.28753799632667076
6,finetune_transfer,nm,26,1.8553324541589036,0.3295319553338085,2.1718890830448694,0.28785714285714287,0.28215749583546207
6,finetune_transfer,nm,27,1.838364645856439,0.3390354003326206,2.1313473456246514,0.29714285714285715,0.29660177590641784
6,finetune_transfer,nm,28,1.827590657968537,0.35067712045616534,2.165735514504569,0.3,0.2981989591839202
6,finetune_transfer,nm,29,1.810523186083445,0.34901401758137324,2.142956097466605,0.30357142857142855,0.3059195392895904
6,finetune_transfer,nm,30,1.8030729870185571,0.3568543597053932,2.137754467555455,0.32142857142857145,0.3207976277709341
6,finetune_transfer,nm,31,1.772906711051118,0.36588263245426467,2.2269649846213206,0.305,0.3049689429384584
6,finetune_transfer,nm,32,1.7795806033618662,0.3680209075789974,2.144245619092669,0.32,0.3199840430909035
6,finetune_transfer,nm,33,1.7719753642466267,0.3677833214540271,2.1467410414559502,0.325,0.3227083706506246
6,finetune_transfer,nm,34,1.7551489081114255,0.370871941078641,2.2000193119049074,0.31285714285714283,0.31051555674968023
6,finetune_transfer,nm,35,1.7438824022147628,0.38583986695177,2.184356886999948,0.3192857142857143,0.3177132144738951
6,finetune_transfer,nm,36,1.7014795564421283,0.3967688287004039,2.1345614474160333,0.3242857142857143,0.32501438171333563
6,finetune_transfer,nm,37,1.7257428233259278,0.3820384889522452,2.162844523021153,0.325,0.32300633488891917
6,finetune_transfer,nm,38,1.7203046631773398,0.3867902114516512,2.2294756984710693,0.335,0.334427597493502
6,finetune_transfer,nm,39,1.690961455896649,0.3989071038251366,2.137817212513515,0.3507142857142857,0.3507738235257526
6,finetune_transfer,nm,40,1.670897083402558,0.41007365169874077,2.2165009498596193,0.34285714285714286,0.34093683445632417
6,finetune_transfer,nm,41,1.6573509092879255,0.4069850320741269,2.216132723944528,0.34285714285714286,0.34015492420853694
6,finetune_transfer,nm,42,1.6464173993182936,0.41625089094796863,2.195056039265224,0.34285714285714286,0.34170365855762835
6,finetune_transfer,nm,43,1.6385192123380459,0.4150629603231171,2.2030154623304097,0.34285714285714286,0.3397603044866453
6,finetune_transfer,nm,44,1.635917839201875,0.41862675219767165,2.1876774774278913,0.35285714285714287,0.35252842129801704
6,finetune_transfer,nm,45,1.6150796196188262,0.43145640294606796,2.1795822048187254,0.3535714285714286,0.35362464348566014
6,pretrain,hcmyo,1,2.2225833320617676,0.17905555555555555,2.1280833424896883,0.24112056028014006,0.2010429278135267
6,pretrain,hcmyo,2,2.08774383936988,0.24844444444444444,2.0477744991707367,0.2719693179923295,0.2539669381494267
6,pretrain,hcmyo,3,2.0295254732767742,0.2717777777777778,2.022336974896569,0.2849758212439553,0.2776646119392726
6,pretrain,hcmyo,4,1.9591107961866592,0.30083333333333334,1.952618573225596,0.31765882941470736,0.3047584717747581
6,pretrain,hcmyo,5,1.8915387189653186,0.32661111111111113,1.9053212042816563,0.34483908620977155,0.32453664384749725
6,pretrain,hcmyo,6,1.8268075180053711,0.3491111111111111,1.819524151445608,0.3616808404202101,0.3405842362902117
6,pretrain,hcmyo,7,1.7496179498036704,0.38672222222222224,1.7250429550438935,0.40103385025846255,0.3860444580239696
6,pretrain,hcmyo,8,1.6584955522749159,0.42544444444444446,1.611531404116481,0.44705686176421544,0.4403824324721223
6,pretrain,hcmyo,9,1.6089848601023355,0.4461111111111111,1.5205239618452704,0.47440386860096717,0.4683466136578994
6,pretrain,hcmyo,10,1.5422801509433322,0.4715,1.5169508468414994,0.4847423711855928,0.4792273061641804
6,pretrain,hcmyo,11,1.459913281440735,0.49866666666666665,1.3838744680543968,0.5315991328997832,0.5270004117071339
6,pretrain,hcmyo,12,1.4037124358283148,0.5224444444444445,1.3480677729261623,0.5484408871102218,0.5355562449515184
6,pretrain,hcmyo,13,1.3333667782677545,0.5451111111111111,1.320261227054876,0.5512756378189094,0.540973587474298
6,pretrain,hcmyo,14,1.2826240079667832,0.5641111111111111,1.2512343603436185,0.5882941470735368,0.5820597794456193
6,pretrain,hcmyo,15,1.2273318949805365,0.5836666666666667,1.159256026558783,0.6184759046189762,0.6146156915554055
6,pretrain,hcmyo,16,1.164880824830797,0.6023333333333334,1.2252655436103297,0.6084709021177255,0.6017051280548962
6,pretrain,hcmyo,17,1.1575374584727818,0.603,1.104633495805461,0.6424879106219776,0.6395042838777403
6,pretrain,hcmyo,18,1.1082922781308493,0.6229444444444444,1.0615284901490625,0.6586626646656661,0.6524780984757409
6,pretrain,hcmyo,19,1.0591879046228196,0.6387222222222222,1.1103281840018597,0.6496581624145406,0.6436292130558697
6,pretrain,hcmyo,20,1.0055875238842433,0.6546111111111111,0.9615442674567903,0.6931799232949808,0.6889811756119976
6,pretrain,hcmyo,21,0.9956655706829495,0.6632222222222223,0.9811829021667985,0.6980156745039187,0.6956622574143194
6,pretrain,hcmyo,22,0.9907126087612576,0.6629444444444444,0.9610501448671201,0.7003501750875438,0.6968346256879913
6,pretrain,hcmyo,23,0.948045452647739,0.6734444444444444,0.8565680244395549,0.7276971819242954,0.726230814952221
6,pretrain,hcmyo,24,0.9278484066592323,0.6811111111111111,0.8610272375279433,0.7306986826746706,0.7297443983536166
6,pretrain,hcmyo,25,0.8945456551445855,0.6921111111111111,0.8754617127255835,0.7358679339669835,0.7339007308667115
6,pretrain,hcmyo,26,0.8615390894148085,0.7069444444444445,0.8619259657990203,0.7355344338836085,0.7338970915297549
6,pretrain,hcmyo,27,0.8663458959261576,0.7023888888888888,0.9114855927925657,0.7223611805902952,0.7190701806910276
6,pretrain,hcmyo,28,0.8450904080073038,0.7092777777777778,0.8118326847694786,0.751375687843922,0.7486660505648463
6,pretrain,hcmyo,29,0.8212005556954278,0.7176666666666667,0.8026946487626732,0.7497081874270468,0.7471228796129383
6,pretrain,hcmyo,30,0.7997533167733086,0.7291111111111112,0.8079817257554447,0.7528764382191095,0.7510489326828569
6,pretrain,hcmyo,31,0.7817043346828885,0.7329444444444444,0.7755384532356135,0.7643821910955477,0.7625159989129348
6,pretrain,hcmyo,32,0.7615683178636763,0.7366111111111111,0.8605748113516233,0.7423711855927964,0.7408433496749025
6,pretrain,hcmyo,33,0.767216795179579,0.7385,0.7201997091944304,0.7822244455561114,0.7813072965121202
6,pretrain,hcmyo,34,0.7479900569915772,0.7449444444444444,0.7661575431056036,0.7712189428047357,0.7704133695632198
6,pretrain,hcmyo,35,0.7311664775212606,0.7472777777777778,0.6921599855162271,0.7825579456394864,0.7812598062724435
6,pretrain,hcmyo,36,0.7161041943762038,0.7550555555555556,0.7507351248069905,0.7757211939302985,0.773548773793501
6,pretrain,hcmyo,37,0.7088309891886181,0.7551666666666667,0.7347751830406183,0.776554944138736,0.7759653457041831
6,pretrain,hcmyo,38,0.6900688868098789,0.7637222222222222,0.7025499686670836,0.785059196264799,0.7852892757430373
6,pretrain,hcmyo,39,0.675621228562461,0.7673888888888889,0.6616990104136277,0.7952309488077371,0.7951987214649098
6,pretrain,hcmyo,40,0.6731960204972162,0.7667222222222222,0.713216572679419,0.792562948140737,0.7914987904437729
6,pretrain,hcmyo,41,0.6661799772050646,0.7675,0.6377625552310294,0.8045689511422378,0.804118499821811
6,pretrain,hcmyo,42,0.6248491955333286,0.7816666666666666,0.650506761385358,0.8047357011839253,0.8044106844091609
6,pretrain,hcmyo,43,0.6424295063548617,0.7787222222222222,0.6473659210171683,0.8065699516424879,0.8058771991817106
6,pretrain,hcmyo,44,0.6074315299457974,0.7881666666666667,0.6678212604086181,0.7985659496414874,0.7984763056316965
6,pretrain,hcmyo,45,0.6202630201180775,0.7853333333333333,0.6817418550111183,0.80040020010005,0.8010776127279134
